"BehaviorSpace results (NetLogo 7.0.3)","Table version 2.0"
"Hotelling's Law.nlogox"
"Baseline"
"05/15/2026 17:14:53:642 +1000"
"min-pxcor","max-pxcor","min-pycor","max-pycor"
"-20","20","-20","20"
"[run number]","layout","number-of-stores","rules","[step]","ticks","store-positions","store-market-shares","store-prices"
"3","plane","2","normal","10","10","[[0 3 2] [1 11 11]]","[[0 1066] [1 615]]","[[0 12] [1 8]]"
"6","plane","2","normal","10","10","[[0 -11 6] [1 -11 -14]]","[[0 1009] [1 672]]","[[0 20] [1 20]]"
"4","plane","2","normal","10","10","[[0 -4 3] [1 -10 9]]","[[0 925] [1 756]]","[[0 11] [1 7]]"
"2","plane","2","normal","10","10","[[1 -1 1] [0 0 1]]","[[1 820] [0 861]]","[[1 7] [0 7]]"
"5","plane","2","normal","10","10","[[1 -11 -10] [0 7 -10]]","[[1 752] [0 929]]","[[1 20] [0 20]]"
"1","plane","2","normal","10","10","[[1 5 4] [0 -2 -2]]","[[1 744] [0 937]]","[[1 12] [0 12]]"
"9","plane","2","normal","10","10","[[1 -2 2] [0 0 -7]]","[[1 763] [0 918]]","[[1 18] [0 15]]"
"7","plane","2","normal","10","10","[[1 6 1] [0 9 3]]","[[1 1020] [0 661]]","[[1 5] [0 4]]"
"10","plane","2","normal","10","10","[[1 10 -15] [0 7 9]]","[[1 674] [0 1007]]","[[1 20] [0 20]]"
"11","plane","2","normal","10","10","[[0 -8 -6] [1 -10 -12]]","[[0 923] [1 758]]","[[0 9] [1 5]]"
"8","plane","2","normal","10","10","[[0 10 -7] [1 -5 9]]","[[0 879] [1 802]]","[[0 17] [1 19]]"
"12","plane","2","normal","10","10","[[1 -8 6] [0 9 -12]]","[[1 928] [0 753]]","[[1 19] [0 18]]"
"13","plane","2","normal","10","10","[[0 -2 -4] [1 -10 -10]]","[[0 987] [1 694]]","[[0 11] [1 7]]"
"14","plane","2","normal","10","10","[[0 11 -2] [1 11 16]]","[[0 1011] [1 670]]","[[0 20] [1 17]]"
"15","plane","2","normal","10","10","[[1 -15 11] [0 7 11]]","[[1 709] [0 972]]","[[1 19] [0 20]]"
"16","plane","2","normal","10","10","[[0 -3 4] [1 1 1]]","[[0 865] [1 816]]","[[0 8] [1 9]]"
"19","plane","2","normal","10","10","[[1 10 9] [0 -5 9]]","[[1 820] [0 861]]","[[1 17] [0 19]]"
"17","plane","2","normal","10","10","[[1 -9 -5] [0 -10 -10]]","[[1 867] [0 814]]","[[1 8] [0 5]]"
"21","plane","2","moving-only","10","10","[[0 2 -14] [1 2 -9]]","[[0 369] [1 1312]]","[[0 10] [1 10]]"
"22","plane","2","moving-only","10","10","[[1 -3 -3] [0 -3 -8]]","[[1 1066] [0 615]]","[[1 10] [0 10]]"
"23","plane","2","moving-only","10","10","[[1 9 -9] [0 -9 -9]]","[[1 843] [0 838]]","[[1 10] [0 10]]"
"18","plane","2","normal","10","10","[[1 -10 5] [0 -5 10]]","[[1 719] [0 962]]","[[1 9] [0 8]]"
"24","plane","2","moving-only","10","10","[[0 -4 -4] [1 7 6]]","[[0 939] [1 742]]","[[0 10] [1 10]]"
"20","plane","2","normal","10","10","[[0 4 -6] [1 0 1]]","[[0 770] [1 911]]","[[0 12] [1 13]]"
"25","plane","2","moving-only","10","10","[[0 -8 -6] [1 -6 10]]","[[0 888] [1 793]]","[[0 10] [1 10]]"
"30","plane","2","moving-only","10","10","[[0 0 0] [1 -1 0]]","[[0 861] [1 820]]","[[0 10] [1 10]]"
"26","plane","2","moving-only","10","10","[[0 -3 -6] [1 -1 -4]]","[[0 575] [1 1106]]","[[0 10] [1 10]]"
"27","plane","2","moving-only","10","10","[[0 -1 -1] [1 -1 0]]","[[0 820] [1 861]]","[[0 10] [1 10]]"
"29","plane","2","moving-only","10","10","[[1 12 10] [0 -6 10]]","[[1 717] [0 964]]","[[1 10] [0 10]]"
"32","plane","2","moving-only","10","10","[[0 -1 0] [1 -1 -1]]","[[0 861] [1 820]]","[[0 10] [1 10]]"
"28","plane","2","moving-only","10","10","[[1 -2 -2] [0 3 -7]]","[[1 1032] [0 649]]","[[1 10] [0 10]]"
"31","plane","2","moving-only","10","10","[[1 10 -1] [0 10 -1]]","[[1 849] [0 832]]","[[1 10] [0 10]]"
"35","plane","2","moving-only","10","10","[[1 2 3] [0 -1 -1]]","[[1 784] [0 897]]","[[1 10] [0 10]]"
"34","plane","2","moving-only","10","10","[[0 -5 -2] [1 -5 -10]]","[[0 1089] [1 592]]","[[0 10] [1 10]]"
"33","plane","2","moving-only","10","10","[[1 14 -2] [0 11 -2]]","[[1 328] [0 1353]]","[[1 10] [0 10]]"
"36","plane","2","moving-only","10","10","[[0 9 -1] [1 1 -7]]","[[0 759] [1 922]]","[[0 10] [1 10]]"
"38","plane","2","moving-only","10","10","[[0 5 -7] [1 4 -7]]","[[0 656] [1 1025]]","[[0 10] [1 10]]"
"39","plane","2","moving-only","10","10","[[1 -8 9] [0 -9 13]]","[[1 1379] [0 302]]","[[1 10] [0 10]]"
"37","plane","2","moving-only","10","10","[[0 -5 2] [1 -1 -1]]","[[0 702] [1 979]]","[[0 10] [1 10]]"
"40","plane","2","moving-only","10","10","[[0 -9 -9] [1 8 -9]]","[[0 820] [1 861]]","[[0 10] [1 10]]"
"41","plane","2","pricing-only","10","10","[[0 -5 16] [1 15 4]]","[[0 797] [1 884]]","[[0 20] [1 20]]"
"42","plane","2","pricing-only","10","10","[[1 -12 18] [0 -9 -9]]","[[1 638] [0 1043]]","[[1 19] [0 20]]"
"43","plane","2","pricing-only","10","10","[[1 19 -1] [0 -8 12]]","[[1 721] [0 960]]","[[1 20] [0 20]]"
"44","plane","2","pricing-only","10","10","[[0 -2 -16] [1 16 8]]","[[0 892] [1 789]]","[[0 20] [1 20]]"
"46","plane","2","pricing-only","10","10","[[1 15 1] [0 17 -14]]","[[1 984] [0 697]]","[[1 17] [0 13]]"
"48","plane","2","pricing-only","10","10","[[0 1 -18] [1 3 -15]]","[[0 715] [1 966]]","[[0 2] [1 4]]"
"45","plane","2","pricing-only","10","10","[[1 -10 -18] [0 0 19]]","[[1 806] [0 875]]","[[1 20] [0 20]]"
"47","plane","2","pricing-only","10","10","[[0 -19 16] [1 14 -18]]","[[0 826] [1 855]]","[[0 19] [1 20]]"
"49","plane","2","pricing-only","10","10","[[0 20 2] [1 18 -1]]","[[0 580] [1 1101]]","[[0 3] [1 4]]"
"51","plane","2","pricing-only","10","10","[[1 -16 15] [0 8 -9]]","[[1 584] [0 1097]]","[[1 20] [0 20]]"
"50","plane","2","pricing-only","10","10","[[0 17 -9] [1 2 14]]","[[0 727] [1 954]]","[[0 19] [1 20]]"
"54","plane","2","pricing-only","10","10","[[0 -7 -20] [1 -12 3]]","[[0 642] [1 1039]]","[[0 18] [1 20]]"
"53","plane","2","pricing-only","10","10","[[0 16 15] [1 -19 18]]","[[0 961] [1 720]]","[[0 20] [1 20]]"
"55","plane","2","pricing-only","10","10","[[0 9 -6] [1 19 12]]","[[0 1015] [1 666]]","[[0 20] [1 14]]"
"57","plane","2","pricing-only","10","10","[[1 4 13] [0 20 -17]]","[[1 1086] [0 595]]","[[1 20] [0 17]]"
"52","plane","2","pricing-only","10","10","[[0 16 -4] [1 3 3]]","[[0 683] [1 998]]","[[0 12] [1 17]]"
"59","plane","2","pricing-only","10","10","[[1 19 -10] [0 0 10]]","[[1 651] [0 1030]]","[[1 16] [0 20]]"
"56","plane","2","pricing-only","10","10","[[1 10 -6] [0 8 13]]","[[1 907] [0 774]]","[[1 20] [0 19]]"
"58","plane","2","pricing-only","10","10","[[0 -16 9] [1 4 2]]","[[0 581] [1 1100]]","[[0 18] [1 20]]"
"60","plane","2","pricing-only","10","10","[[0 -16 6] [1 6 -1]]","[[0 636] [1 1045]]","[[0 19] [1 20]]"
"61","plane","3","normal","10","10","[[1 3 3] [2 -3 10] [0 -6 -3]]","[[1 591] [2 541] [0 549]]","[[1 12] [2 10] [0 13]]"
"65","plane","3","normal","10","10","[[2 1 11] [0 -6 2] [1 9 -14]]","[[2 578] [0 682] [1 421]]","[[2 15] [0 15] [1 18]]"
"62","plane","3","normal","10","10","[[1 7 0] [2 -10 1] [0 -3 1]]","[[1 553] [2 439] [0 689]]","[[1 9] [2 7] [0 5]]"
"63","plane","3","normal","10","10","[[2 7 0] [0 8 -13] [1 5 -7]]","[[2 758] [0 306] [1 617]]","[[2 8] [0 6] [1 6]]"
"64","plane","3","normal","10","10","[[0 8 5] [1 -3 -2] [2 2 -10]]","[[0 498] [1 674] [2 509]]","[[0 14] [1 12] [2 12]]"
"66","plane","3","normal","10","10","[[1 5 1] [0 -11 12] [2 -1 -11]]","[[1 694] [0 409] [2 578]]","[[1 16] [0 18] [2 17]]"
"67","plane","3","normal","10","10","[[0 1 -3] [1 2 -11] [2 -3 12]]","[[0 727] [1 425] [2 529]]","[[0 7] [1 9] [2 10]]"
"69","plane","3","normal","10","10","[[2 -10 1] [0 5 -4] [1 -1 -6]]","[[2 425] [0 562] [1 694]]","[[2 9] [0 7] [1 4]]"
"71","plane","3","normal","10","10","[[0 9 9] [1 -9 5] [2 8 1]]","[[0 433] [1 621] [2 627]]","[[0 13] [1 18] [2 15]]"
"70","plane","3","normal","10","10","[[1 -11 12] [0 -1 -7] [2 11 2]]","[[1 445] [0 625] [2 611]]","[[1 17] [0 17] [2 16]]"
"68","plane","3","normal","10","10","[[0 -9 -6] [2 -1 0] [1 -10 3]]","[[0 536] [2 746] [1 399]]","[[0 9] [2 12] [1 11]]"
"72","plane","3","normal","10","10","[[2 13 4] [0 -9 -2] [1 -3 0]]","[[2 462] [0 503] [1 716]]","[[2 11] [0 8] [1 7]]"
"73","plane","3","normal","10","10","[[1 -8 3] [2 -8 3] [0 8 1]]","[[1 0] [2 1188] [0 493]]","[[1 3] [2 2] [0 11]]"
"74","plane","3","normal","10","10","[[0 0 -3] [1 1 -10] [2 -1 10]]","[[0 719] [1 433] [2 529]]","[[0 7] [1 9] [2 11]]"
"75","plane","3","normal","10","10","[[2 10 4] [0 -5 4] [1 5 11]]","[[2 519] [0 737] [1 425]]","[[2 11] [0 12] [1 8]]"
"77","plane","3","normal","10","10","[[2 9 8] [1 5 2] [0 -5 1]]","[[2 384] [1 726] [0 571]]","[[2 7] [1 6] [0 11]]"
"78","plane","3","normal","10","10","[[0 -8 16] [2 -9 -9] [1 5 -4]]","[[0 522] [2 497] [1 662]]","[[0 18] [2 18] [1 20]]"
"79","plane","3","normal","10","10","[[1 -8 -3] [2 1 0] [0 8 7]]","[[1 622] [2 664] [0 395]]","[[1 9] [2 8] [0 11]]"
"76","plane","3","normal","10","10","[[2 14 -12] [1 0 3] [0 -12 -5]]","[[2 398] [1 762] [0 521]]","[[2 16] [1 16] [0 16]]"
"80","plane","3","normal","10","10","[[2 -9 -8] [1 8 9] [0 -11 -10]]","[[2 474] [1 396] [0 811]]","[[2 3] [1 16] [0 1]]"
"83","plane","3","moving-only","10","10","[[0 -10 -1] [2 12 -6] [1 -5 3]]","[[0 493] [2 642] [1 546]]","[[0 10] [2 10] [1 10]]"
"82","plane","3","moving-only","10","10","[[2 6 9] [0 -8 -10] [1 6 9]]","[[2 435] [0 790] [1 456]]","[[2 10] [0 10] [1 10]]"
"81","plane","3","moving-only","10","10","[[1 8 -1] [2 2 -8] [0 -1 2]]","[[1 462] [2 525] [0 694]]","[[1 10] [2 10] [0 10]]"
"84","plane","3","moving-only","10","10","[[2 -7 9] [1 -12 13] [0 -5 -6]]","[[2 533] [1 214] [0 934]]","[[2 10] [1 10] [0 10]]"
"85","plane","3","moving-only","10","10","[[0 -6 5] [1 3 -5] [2 -3 9]]","[[0 394] [1 810] [2 477]]","[[0 10] [1 10] [2 10]]"
"89","plane","3","moving-only","10","10","[[1 -2 2] [0 -5 -4] [2 15 -6]]","[[1 649] [0 539] [2 493]]","[[1 10] [0 10] [2 10]]"
"87","plane","3","moving-only","10","10","[[0 7 -8] [2 -7 0] [1 -8 2]]","[[0 741] [2 364] [1 576]]","[[0 10] [2 10] [1 10]]"
"90","plane","3","moving-only","10","10","[[1 -11 11] [0 -1 9] [2 -2 -1]]","[[1 308] [0 451] [2 922]]","[[1 10] [0 10] [2 10]]"
"86","plane","3","moving-only","10","10","[[1 4 -13] [2 12 10] [0 -10 3]]","[[1 558] [2 473] [0 650]]","[[1 10] [2 10] [0 10]]"
"88","plane","3","moving-only","10","10","[[0 -15 7] [1 8 -3] [2 4 -1]]","[[0 563] [1 562] [2 556]]","[[0 10] [1 10] [2 10]]"
"92","plane","3","moving-only","10","10","[[2 -8 17] [0 -7 -9] [1 -8 5]]","[[2 391] [0 780] [1 510]]","[[2 10] [0 10] [1 10]]"
"94","plane","3","moving-only","10","10","[[0 -7 -10] [2 -7 7] [1 16 11]]","[[0 669] [2 548] [1 464]]","[[0 10] [2 10] [1 10]]"
"93","plane","3","moving-only","10","10","[[0 -11 -7] [1 3 -7] [2 0 -14]]","[[0 632] [1 828] [2 221]]","[[0 10] [1 10] [2 10]]"
"91","plane","3","moving-only","10","10","[[0 9 5] [2 0 1] [1 -18 8]]","[[0 601] [2 680] [1 400]]","[[0 10] [2 10] [1 10]]"
"97","plane","3","moving-only","10","10","[[0 -3 -8] [1 4 10] [2 0 2]]","[[0 699] [1 554] [2 428]]","[[0 10] [1 10] [2 10]]"
"95","plane","3","moving-only","10","10","[[0 10 8] [1 1 -10] [2 -6 1]]","[[0 503] [1 570] [2 608]]","[[0 10] [1 10] [2 10]]"
"99","plane","3","moving-only","10","10","[[1 -4 -9] [2 -1 0] [0 0 2]]","[[1 622] [2 249] [0 810]]","[[1 10] [2 10] [0 10]]"
"98","plane","3","moving-only","10","10","[[2 2 -2] [0 -9 9] [1 6 -4]]","[[2 486] [0 581] [1 614]]","[[2 10] [0 10] [1 10]]"
"101","plane","3","pricing-only","10","10","[[1 -3 -11] [0 -14 1] [2 -19 -9]]","[[1 796] [0 696] [2 189]]","[[1 14] [0 13] [2 11]]"
"102","plane","3","pricing-only","10","10","[[1 -5 -15] [2 -2 -18] [0 -8 8]]","[[1 706] [2 394] [0 581]]","[[1 3] [2 3] [0 14]]"
"100","plane","3","moving-only","10","10","[[1 7 5] [2 4 1] [0 -2 12]]","[[1 343] [2 836] [0 502]]","[[1 10] [2 10] [0 10]]"
"96","plane","3","moving-only","10","10","[[1 9 9] [2 11 10] [0 10 -9]]","[[1 642] [2 220] [0 819]]","[[1 10] [2 10] [0 10]]"
"103","plane","3","pricing-only","10","10","[[0 -8 -6] [2 -11 -8] [1 14 10]]","[[0 1081] [2 300] [1 300]]","[[0 3] [2 3] [1 16]]"
"104","plane","3","pricing-only","10","10","[[0 -13 11] [1 -15 -15] [2 11 -8]]","[[0 561] [1 377] [2 743]]","[[0 20] [1 18] [2 20]]"
"105","plane","3","pricing-only","10","10","[[2 -17 7] [1 -19 -12] [0 2 6]]","[[2 421] [1 387] [0 873]]","[[2 14] [1 16] [0 20]]"
"106","plane","3","pricing-only","10","10","[[1 20 -16] [0 14 -10] [2 18 16]]","[[1 261] [0 987] [2 433]]","[[1 2] [0 7] [2 12]]"
"107","plane","3","pricing-only","10","10","[[0 19 16] [2 12 20] [1 5 -6]]","[[0 443] [2 426] [1 812]]","[[0 5] [2 9] [1 19]]"
"109","plane","3","pricing-only","10","10","[[1 17 -4] [2 -7 15] [0 -10 -2]]","[[1 568] [2 507] [0 606]]","[[1 19] [2 17] [0 19]]"
"111","plane","3","pricing-only","10","10","[[0 12 -4] [1 -14 7] [2 11 -9]]","[[0 579] [1 481] [2 621]]","[[0 10] [1 18] [2 9]]"
"112","plane","3","pricing-only","10","10","[[1 10 3] [2 -17 -5] [0 -13 -1]]","[[1 550] [2 464] [0 667]]","[[1 16] [2 3] [0 5]]"
"110","plane","3","pricing-only","10","10","[[1 -8 7] [0 -18 10] [2 19 12]]","[[1 795] [0 433] [2 453]]","[[1 10] [0 6] [2 13]]"
"113","plane","3","pricing-only","10","10","[[1 17 -19] [2 -20 -1] [0 9 -7]]","[[1 326] [2 508] [0 847]]","[[1 7] [2 19] [0 14]]"
"115","plane","3","pricing-only","10","10","[[2 17 -17] [1 -7 2] [0 -8 14]]","[[2 368] [1 736] [0 577]]","[[2 15] [1 13] [0 11]]"
"116","plane","3","pricing-only","10","10","[[1 -2 -12] [0 -18 -1] [2 -1 12]]","[[1 574] [0 459] [2 648]]","[[1 19] [0 14] [2 18]]"
"114","plane","3","pricing-only","10","10","[[1 -10 -5] [2 15 5] [0 15 2]]","[[1 570] [2 559] [0 552]]","[[1 16] [2 5] [0 5]]"
"118","plane","3","pricing-only","10","10","[[0 -15 0] [2 -15 20] [1 3 -5]]","[[0 538] [2 380] [1 763]]","[[0 14] [2 13] [1 20]]"
"117","plane","3","pricing-only","10","10","[[0 -18 5] [1 13 -9] [2 10 -19]]","[[0 516] [1 711] [2 454]]","[[0 20] [1 13] [2 10]]"
"120","plane","3","pricing-only","10","10","[[2 -19 19] [1 -20 11] [0 -10 -10]]","[[2 436] [1 529] [0 716]]","[[2 3] [1 4] [0 15]]"
"119","plane","3","pricing-only","10","10","[[1 -3 -13] [2 4 -12] [0 7 -5]]","[[1 483] [2 616] [0 582]]","[[1 6] [2 3] [0 8]]"
"108","plane","3","pricing-only","10","10","[[0 0 -7] [1 0 -10] [2 18 12]]","[[0 796] [1 646] [2 239]]","[[0 5] [1 4] [2 14]]"
"121","plane","4","normal","10","10","[[1 2 -7] [0 5 3] [2 -1 7] [3 14 6]]","[[1 513] [0 418] [2 507] [3 243]]","[[1 8] [0 3] [2 6] [3 6]]"
"126","plane","4","normal","10","10","[[0 1 2] [3 -7 3] [2 11 -11] [1 -8 -6]]","[[0 547] [3 486] [2 327] [1 321]]","[[0 10] [3 9] [2 14] [1 13]]"
"122","plane","4","normal","10","10","[[2 -4 -15] [3 -1 -1] [0 -18 -2] [1 -6 -4]]","[[2 289] [3 697] [0 233] [1 462]]","[[2 6] [3 5] [0 5] [1 2]]"
"123","plane","4","normal","10","10","[[3 5 12] [0 -3 6] [2 2 -8] [1 8 -6]]","[[3 330] [0 441] [2 511] [1 399]]","[[3 13] [0 13] [2 10] [1 10]]"
"124","plane","4","normal","10","10","[[0 3 6] [1 -11 9] [3 -7 -9] [2 9 1]]","[[0 530] [1 338] [3 369] [2 444]]","[[0 9] [1 13] [3 17] [2 12]]"
"125","plane","4","normal","10","10","[[1 -9 8] [3 10 1] [2 -3 -5] [0 -11 -14]]","[[1 348] [3 414] [2 676] [0 243]]","[[1 14] [3 14] [2 7] [0 9]]"
"127","plane","4","normal","10","10","[[3 4 -6] [1 -6 -5] [2 -5 3] [0 9 12]]","[[3 474] [1 457] [2 420] [0 330]]","[[3 14] [1 12] [2 14] [0 17]]"
"131","plane","4","normal","10","10","[[2 1 -4] [3 -6 9] [0 -1 -9] [1 9 8]]","[[2 678] [3 329] [0 384] [1 290]]","[[2 5] [3 13] [0 7] [1 13]]"
"128","plane","4","normal","10","10","[[0 -6 -11] [1 4 3] [2 -3 9] [3 -6 -11]]","[[0 458] [1 387] [2 390] [3 446]]","[[0 1] [1 10] [2 10] [3 1]]"
"129","plane","4","normal","10","10","[[1 11 2] [2 9 -9] [0 -7 -1] [3 -7 1]]","[[1 359] [2 248] [0 513] [3 561]]","[[1 10] [2 12] [0 3] [3 3]]"
"130","plane","4","normal","10","10","[[2 -10 -7] [0 8 -4] [1 -8 9] [3 8 -4]]","[[2 301] [0 569] [1 274] [3 537]]","[[2 12] [0 1] [1 15] [3 1]]"
"132","plane","4","normal","10","10","[[1 -14 9] [0 -10 8] [2 1 -7] [3 8 3]]","[[1 261] [0 501] [2 486] [3 433]]","[[1 5] [0 5] [2 12] [3 12]]"
"133","plane","4","normal","10","10","[[3 14 2] [2 -6 14] [1 5 0] [0 -7 9]]","[[3 355] [2 313] [1 585] [0 428]]","[[3 8] [2 5] [1 7] [0 6]]"
"134","plane","4","normal","10","10","[[1 -3 -11] [3 0 -3] [0 9 19] [2 8 -3]]","[[1 407] [3 547] [0 308] [2 419]]","[[1 9] [3 8] [0 11] [2 9]]"
"135","plane","4","normal","10","10","[[1 1 -1] [0 5 1] [2 -11 0] [3 4 12]]","[[1 541] [0 362] [2 442] [3 336]]","[[1 3] [0 4] [2 7] [3 7]]"
"136","plane","4","normal","10","10","[[2 -2 13] [0 2 -5] [1 2 -13] [3 -2 6]]","[[2 381] [0 513] [1 348] [3 439]]","[[2 5] [0 4] [1 6] [3 4]]"
"138","plane","4","normal","10","10","[[0 -1 -4] [3 12 10] [2 -5 -11] [1 -5 6]]","[[0 492] [3 339] [2 463] [1 387]]","[[0 10] [3 15] [2 10] [1 15]]"
"137","plane","4","normal","10","10","[[3 -7 -17] [2 2 -3] [0 -3 6] [1 -8 -15]]","[[3 225] [2 522] [0 574] [1 360]]","[[3 3] [2 8] [0 10] [1 3]]"
"140","plane","4","normal","10","10","[[0 -12 -1] [2 -7 -5] [1 3 9] [3 10 -3]]","[[0 415] [2 462] [1 398] [3 406]]","[[0 9] [2 9] [1 14] [3 14]]"
"141","plane","4","moving-only","10","10","[[0 -11 -9] [1 0 7] [2 15 -13] [3 -11 -9]]","[[0 241] [1 809] [2 381] [3 250]]","[[0 10] [1 10] [2 10] [3 10]]"
"139","plane","4","normal","10","10","[[1 -9 10] [0 -9 0] [2 5 -2] [3 11 3]]","[[1 293] [0 435] [2 502] [3 451]]","[[1 14] [0 12] [2 10] [3 10]]"
"142","plane","4","moving-only","10","10","[[3 10 -3] [2 -5 8] [0 -4 -5] [1 3 -16]]","[[3 465] [2 565] [0 390] [1 261]]","[[3 10] [2 10] [0 10] [1 10]]"
"145","plane","4","moving-only","10","10","[[1 3 -5] [3 -7 11] [0 9 0] [2 -3 6]]","[[1 575] [3 372] [0 448] [2 286]]","[[1 10] [3 10] [0 10] [2 10]]"
"144","plane","4","moving-only","10","10","[[0 -11 3] [2 -11 3] [1 12 14] [3 7 -4]]","[[0 347] [2 343] [1 350] [3 641]]","[[0 10] [2 10] [1 10] [3 10]]"
"147","plane","4","moving-only","10","10","[[3 -12 -9] [0 5 -12] [1 6 -4] [2 1 1]]","[[3 416] [0 298] [1 285] [2 682]]","[[3 10] [0 10] [1 10] [2 10]]"
"148","plane","4","moving-only","10","10","[[3 -5 6] [2 -1 12] [1 11 -7] [0 -12 -11]]","[[3 352] [2 416] [1 526] [0 387]]","[[3 10] [2 10] [1 10] [0 10]]"
"143","plane","4","moving-only","10","10","[[2 9 -2] [0 -5 10] [1 -7 6] [3 18 -5]]","[[2 547] [0 361] [1 529] [3 244]]","[[2 10] [0 10] [1 10] [3 10]]"
"149","plane","4","moving-only","10","10","[[0 -14 10] [2 8 6] [1 0 -7] [3 8 8]]","[[0 404] [2 246] [1 717] [3 314]]","[[0 10] [2 10] [1 10] [3 10]]"
"146","plane","4","moving-only","10","10","[[3 -19 7] [2 2 -6] [1 3 5] [0 -9 5]]","[[3 212] [2 659] [1 506] [0 304]]","[[3 10] [2 10] [1 10] [0 10]]"
"150","plane","4","moving-only","10","10","[[1 -3 -7] [0 7 1] [2 -7 11] [3 5 -9]]","[[1 436] [0 450] [2 474] [3 321]]","[[1 10] [0 10] [2 10] [3 10]]"
"151","plane","4","moving-only","10","10","[[0 -3 3] [1 9 10] [3 -5 11] [2 7 2]]","[[0 565] [1 277] [3 337] [2 502]]","[[0 10] [1 10] [3 10] [2 10]]"
"154","plane","4","moving-only","10","10","[[0 1 -14] [3 8 -11] [1 -7 6] [2 4 -4]]","[[0 320] [3 256] [1 686] [2 419]]","[[0 10] [3 10] [1 10] [2 10]]"
"156","plane","4","moving-only","10","10","[[2 -4 -8] [1 3 8] [0 -2 -9] [3 -2 8]]","[[2 359] [1 479] [0 431] [3 412]]","[[2 10] [1 10] [0 10] [3 10]]"
"152","plane","4","moving-only","10","10","[[3 9 8] [2 4 -4] [0 -1 -11] [1 -1 -14]]","[[3 647] [2 442] [0 300] [1 292]]","[[3 10] [2 10] [0 10] [1 10]]"
"155","plane","4","moving-only","10","10","[[3 4 -8] [1 -12 -4] [0 9 -6] [2 2 8]]","[[3 263] [1 486] [0 333] [2 599]]","[[3 10] [1 10] [0 10] [2 10]]"
"157","plane","4","moving-only","10","10","[[1 11 4] [3 -9 -14] [0 11 4] [2 -2 5]]","[[1 291] [3 483] [0 303] [2 604]]","[[1 10] [3 10] [0 10] [2 10]]"
"153","plane","4","moving-only","10","10","[[0 0 -8] [2 -12 3] [3 3 10] [1 11 0]]","[[0 480] [2 445] [3 388] [1 368]]","[[0 10] [2 10] [3 10] [1 10]]"
"158","plane","4","moving-only","10","10","[[3 -4 -10] [0 -9 4] [2 4 -5] [1 -8 8]]","[[3 372] [0 214] [2 648] [1 447]]","[[3 10] [0 10] [2 10] [1 10]]"
"161","plane","4","pricing-only","10","10","[[3 19 6] [1 15 -4] [2 -2 1] [0 -18 19]]","[[3 268] [1 388] [2 784] [0 241]]","[[3 14] [1 14] [2 15] [0 14]]"
"159","plane","4","moving-only","10","10","[[1 -2 -1] [3 10 2] [0 8 -20] [2 6 14]]","[[1 699] [3 301] [0 291] [2 390]]","[[1 10] [3 10] [0 10] [2 10]]"
"162","plane","4","pricing-only","10","10","[[2 14 -13] [3 4 7] [1 -9 18] [0 -8 -20]]","[[2 336] [3 630] [1 369] [0 346]]","[[2 17] [3 16] [1 15] [0 18]]"
"163","plane","4","pricing-only","10","10","[[3 5 -8] [1 4 5] [0 3 -3] [2 -16 14]]","[[3 444] [1 405] [0 602] [2 230]]","[[3 5] [1 8] [0 4] [2 12]]"
"164","plane","4","pricing-only","10","10","[[1 -8 -12] [2 11 3] [3 17 -16] [0 10 -8]]","[[1 478] [2 650] [3 93] [0 460]]","[[1 13] [2 10] [3 8] [0 6]]"
"165","plane","4","pricing-only","10","10","[[2 9 10] [0 -6 -8] [3 3 10] [1 14 19]]","[[2 543] [0 528] [3 501] [1 109]]","[[2 8] [0 17] [3 10] [1 8]]"
"166","plane","4","pricing-only","10","10","[[1 10 -4] [0 5 6] [2 12 -18] [3 8 15]]","[[1 508] [0 578] [2 279] [3 316]]","[[1 5] [0 6] [2 6] [3 6]]"
"167","plane","4","pricing-only","10","10","[[2 4 -20] [1 -4 4] [0 10 -10] [3 -6 -13]]","[[2 202] [1 620] [0 517] [3 342]]","[[2 6] [1 16] [0 10] [3 12]]"
"168","plane","4","pricing-only","10","10","[[2 2 -3] [3 -14 2] [1 8 -3] [0 -18 -12]]","[[2 633] [3 314] [1 561] [0 173]]","[[2 6] [3 12] [1 7] [0 12]]"
"169","plane","4","pricing-only","10","10","[[0 18 12] [3 16 -17] [2 19 7] [1 -19 -16]]","[[0 574] [3 275] [2 479] [1 353]]","[[0 4] [3 12] [2 4] [1 17]]"
"170","plane","4","pricing-only","10","10","[[2 9 -9] [1 -13 14] [3 3 -2] [0 -2 9]]","[[2 347] [1 241] [3 628] [0 465]]","[[2 9] [1 9] [3 7] [0 7]]"
"160","plane","4","moving-only","10","10","[[3 9 -2] [2 4 7] [1 -5 7] [0 -6 -5]]","[[3 455] [2 336] [1 382] [0 508]]","[[3 10] [2 10] [1 10] [0 10]]"
"171","plane","4","pricing-only","10","10","[[0 -15 5] [2 16 20] [3 -11 3] [1 11 -5]]","[[0 351] [2 183] [3 736] [1 411]]","[[0 3] [2 14] [3 4] [1 15]]"
"173","plane","4","pricing-only","10","10","[[3 1 -5] [2 1 -16] [0 10 17] [1 0 -13]]","[[3 652] [2 241] [0 288] [1 500]]","[[3 6] [2 2] [0 13] [1 2]]"
"172","plane","4","pricing-only","10","10","[[2 16 -16] [0 14 -15] [3 1 11] [1 2 -11]]","[[2 237] [0 356] [3 580] [1 508]]","[[2 1] [0 2] [3 16] [1 11]]"
"175","plane","4","pricing-only","10","10","[[1 4 -10] [0 -4 20] [3 8 13] [2 2 7]]","[[1 548] [0 203] [3 278] [2 652]]","[[1 13] [0 9] [3 8] [2 7]]"
"174","plane","4","pricing-only","10","10","[[3 5 -19] [2 -14 20] [1 10 10] [0 3 -8]]","[[3 305] [2 276] [1 327] [0 773]]","[[3 8] [2 15] [1 17] [0 9]]"
"178","plane","4","pricing-only","10","10","[[3 -7 -20] [0 -7 6] [2 -18 -1] [1 1 17]]","[[3 375] [0 673] [2 251] [1 382]]","[[3 12] [0 8] [2 8] [1 10]]"
"177","plane","4","pricing-only","10","10","[[2 1 -18] [1 -6 -6] [3 3 7] [0 0 9]]","[[2 297] [1 432] [3 572] [0 380]]","[[2 10] [1 9] [3 6] [0 7]]"
"180","plane","4","pricing-only","10","10","[[2 9 0] [0 -20 -11] [3 -19 -19] [1 18 -17]]","[[2 618] [0 492] [3 312] [1 259]]","[[2 20] [0 10] [3 6] [1 14]]"
"179","plane","4","pricing-only","10","10","[[2 -2 -20] [1 -4 18] [3 13 -13] [0 -13 -20]]","[[2 465] [1 509] [3 422] [0 285]]","[[2 6] [1 19] [3 13] [0 8]]"
"176","plane","4","pricing-only","10","10","[[1 -3 19] [0 -15 -12] [3 4 5] [2 -4 -10]]","[[1 331] [0 258] [3 546] [2 546]]","[[1 11] [0 10] [3 11] [2 9]]"
"181","plane","5","normal","10","10","[[0 -7 -6] [2 7 -4] [4 9 8] [1 -2 -8] [3 -8 7]]","[[0 319] [2 356] [4 320] [1 389] [3 297]]","[[0 6] [2 7] [4 12] [1 4] [3 13]]"
"182","plane","5","normal","10","10","[[1 8 -6] [4 -7 -8] [0 5 10] [3 -8 0] [2 8 1]]","[[1 229] [4 298] [0 351] [3 393] [2 410]]","[[1 11] [4 12] [0 9] [3 10] [2 6]]"
"183","plane","5","normal","10","10","[[1 3 6] [2 -9 -3] [4 3 12] [3 8 -10] [0 8 -16]]","[[1 512] [2 335] [4 306] [3 285] [0 243]]","[[1 4] [2 11] [4 6] [3 5] [0 5]]"
"184","plane","5","normal","10","10","[[3 -13 -3] [0 -7 -4] [1 -2 10] [2 9 4] [4 10 -11]]","[[3 359] [0 376] [1 346] [2 324] [4 276]]","[[3 6] [0 6] [1 10] [2 12] [4 13]]"
"185","plane","5","normal","10","10","[[0 8 13] [4 15 0] [1 15 0] [3 -12 -6] [2 2 5]]","[[0 261] [4 324] [1 324] [3 322] [2 450]]","[[0 6] [4 1] [1 1] [3 15] [2 7]]"
"186","plane","5","normal","10","10","[[3 0 11] [1 8 -4] [4 -11 -12] [2 -6 8] [0 13 -6]]","[[3 319] [1 429] [4 221] [2 387] [0 325]]","[[3 7] [1 4] [4 15] [2 8] [0 4]]"
"187","plane","5","normal","10","10","[[1 0 5] [0 14 12] [4 2 5] [3 10 -4] [2 12 14]]","[[1 624] [0 158] [4 454] [3 313] [2 132]]","[[1 3] [0 3] [4 2] [3 9] [2 3]]"
"188","plane","5","normal","10","10","[[1 8 -8] [4 3 -2] [3 -2 14] [0 -13 9] [2 -5 -7]]","[[1 276] [4 484] [3 350] [0 239] [2 332]]","[[1 10] [4 6] [3 8] [0 11] [2 11]]"
"191","plane","5","normal","10","10","[[1 10 9] [0 -8 -13] [3 -9 11] [4 13 -12] [2 -9 0]]","[[1 331] [0 305] [3 338] [4 282] [2 425]]","[[1 17] [0 12] [3 11] [4 17] [2 9]]"
"190","plane","5","normal","10","10","[[2 16 -4] [4 2 10] [3 7 0] [0 0 -12] [1 -12 -2]]","[[2 230] [4 324] [3 420] [0 295] [1 412]]","[[2 7] [4 10] [3 5] [0 9] [1 10]]"
"189","plane","5","normal","10","10","[[2 -13 0] [0 5 -8] [1 -14 11] [3 -5 11] [4 -1 3]]","[[2 290] [0 358] [1 157] [3 302] [4 574]]","[[2 9] [0 12] [1 7] [3 5] [4 5]]"
"192","plane","5","normal","10","10","[[1 8 -7] [2 10 14] [4 -7 2] [0 9 -2] [3 -6 -6]]","[[1 334] [2 249] [4 432] [0 339] [3 327]]","[[1 8] [2 13] [4 12] [0 7] [3 12]]"
"194","plane","5","normal","10","10","[[1 11 3] [2 -10 -5] [4 12 4] [3 8 -10] [0 -8 1]]","[[1 340] [2 319] [4 337] [3 299] [0 386]]","[[1 3] [2 10] [4 3] [3 9] [0 9]]"
"193","plane","5","normal","10","10","[[2 8 4] [1 9 -3] [3 -9 -14] [4 -6 -8] [0 -4 8]]","[[2 357] [1 344] [3 256] [4 396] [0 328]]","[[2 10] [1 9] [3 6] [4 6] [0 13]]"
"195","plane","5","normal","10","10","[[2 9 -8] [0 10 -8] [3 -15 -2] [4 6 9] [1 -12 -1]]","[[2 321] [0 317] [3 267] [4 325] [1 451]]","[[2 3] [0 3] [3 4] [4 11] [1 4]]"
"196","plane","5","normal","10","10","[[3 3 -7] [0 -13 -16] [2 -12 2] [4 9 -2] [1 -3 10]]","[[3 437] [0 167] [2 305] [4 358] [1 414]]","[[3 7] [0 12] [2 9] [4 9] [1 9]]"
"197","plane","5","normal","10","10","[[4 -8 -6] [0 10 -11] [2 14 -5] [1 13 1] [3 -12 -4]]","[[4 505] [0 200] [2 190] [1 376] [3 410]]","[[4 3] [0 6] [2 4] [1 7] [3 4]]"
"198","plane","5","normal","10","10","[[0 -9 5] [2 -6 -12] [4 12 -12] [1 -6 4] [3 7 7]]","[[0 419] [2 265] [4 254] [1 411] [3 332]]","[[0 4] [2 12] [4 15] [1 4] [3 12]]"
"201","plane","5","moving-only","10","10","[[3 -13 13] [1 14 -13] [0 -3 -2] [2 12 11] [4 9 -9]]","[[3 335] [1 172] [0 546] [2 377] [4 251]]","[[3 10] [1 10] [0 10] [2 10] [4 10]]"
"199","plane","5","normal","10","10","[[2 -8 -1] [4 -9 8] [3 7 7] [1 7 1] [0 -7 -14]]","[[2 397] [4 265] [3 356] [1 404] [0 259]]","[[2 7] [4 11] [3 10] [1 10] [0 12]]"
"202","plane","5","moving-only","10","10","[[2 10 11] [3 12 -13] [0 -5 -3] [4 10 11] [1 -11 3]]","[[2 244] [3 365] [0 436] [4 208] [1 428]]","[[2 10] [3 10] [0 10] [4 10] [1 10]]"
"200","plane","5","normal","10","10","[[4 -9 8] [1 -11 1] [2 10 2] [0 -9 -8] [3 8 -2]]","[[4 297] [1 298] [2 400] [0 289] [3 397]]","[[4 9] [1 6] [2 8] [0 10] [3 8]]"
"204","plane","5","moving-only","10","10","[[0 12 9] [1 9 -8] [4 -2 9] [2 -4 -1] [3 13 11]]","[[0 147] [1 435] [4 398] [2 533] [3 168]]","[[0 10] [1 10] [4 10] [2 10] [3 10]]"
"203","plane","5","moving-only","10","10","[[1 -8 -3] [3 0 6] [0 -13 11] [4 -13 12] [2 -1 -1]]","[[1 420] [3 486] [0 120] [4 155] [2 500]]","[[1 10] [3 10] [0 10] [4 10] [2 10]]"
"205","plane","5","moving-only","10","10","[[0 8 -2] [3 -10 -12] [4 4 7] [1 -11 -1] [2 -9 10]]","[[0 482] [3 324] [4 370] [1 209] [2 296]]","[[0 10] [3 10] [4 10] [1 10] [2 10]]"
"206","plane","5","moving-only","10","10","[[2 10 -12] [0 -1 8] [4 7 5] [3 0 -10] [1 -9 -4]]","[[2 280] [0 399] [4 382] [3 225] [1 395]]","[[2 10] [0 10] [4 10] [3 10] [1 10]]"
"207","plane","5","moving-only","10","10","[[2 8 14] [4 -7 -2] [1 4 -9] [0 8 13] [3 -9 5]]","[[2 175] [4 357] [1 530] [0 252] [3 367]]","[[2 10] [4 10] [1 10] [0 10] [3 10]]"
"208","plane","5","moving-only","10","10","[[4 -13 -10] [1 -12 -10] [0 -6 13] [3 1 -8] [2 3 4]]","[[4 193] [1 156] [0 388] [3 452] [2 492]]","[[4 10] [1 10] [0 10] [3 10] [2 10]]"
"210","plane","5","moving-only","10","10","[[1 8 11] [4 3 9] [0 4 -8] [3 -9 -4] [2 -1 -11]]","[[1 314] [4 337] [0 372] [3 454] [2 204]]","[[1 10] [4 10] [0 10] [3 10] [2 10]]"
"209","plane","5","moving-only","10","10","[[1 -14 -11] [3 -5 12] [4 -11 -12] [0 -12 9] [2 0 -1]]","[[1 162] [3 351] [4 217] [0 245] [2 706]]","[[1 10] [3 10] [4 10] [0 10] [2 10]]"
"211","plane","5","moving-only","10","10","[[0 1 -11] [3 7 -9] [1 5 4] [4 -7 8] [2 -8 -9]]","[[0 150] [3 303] [1 453] [4 433] [2 342]]","[[0 10] [3 10] [1 10] [4 10] [2 10]]"
"212","plane","5","moving-only","10","10","[[1 13 -12] [0 -4 -4] [4 -1 -13] [3 13 11] [2 -12 8]]","[[1 286] [0 312] [4 277] [3 395] [2 411]]","[[1 10] [0 10] [4 10] [3 10] [2 10]]"
"213","plane","5","moving-only","10","10","[[0 -6 -11] [1 2 -10] [3 -10 0] [4 3 8] [2 10 -10]]","[[0 259] [1 152] [3 395] [4 555] [2 320]]","[[0 10] [1 10] [3 10] [4 10] [2 10]]"
"218","plane","5","moving-only","10","10","[[4 4 3] [1 -5 -3] [0 -9 9] [3 9 -12] [2 10 -18]]","[[4 477] [1 430] [0 391] [3 247] [2 136]]","[[4 10] [1 10] [0 10] [3 10] [2 10]]"
"214","plane","5","moving-only","10","10","[[4 -6 5] [2 12 1] [1 2 8] [0 -12 -11] [3 9 -9]]","[[4 402] [2 270] [1 300] [0 352] [3 357]]","[[4 10] [2 10] [1 10] [0 10] [3 10]]"
"216","plane","5","moving-only","10","10","[[2 -11 14] [3 -3 -8] [0 12 6] [1 16 7] [4 -10 -2]]","[[2 320] [3 501] [0 345] [1 200] [4 315]]","[[2 10] [3 10] [0 10] [1 10] [4 10]]"
"215","plane","5","moving-only","10","10","[[0 7 -8] [1 -10 0] [4 6 9] [2 1 -10] [3 14 4]]","[[0 281] [1 543] [4 358] [2 280] [3 219]]","[[0 10] [1 10] [4 10] [2 10] [3 10]]"
"219","plane","5","moving-only","10","10","[[0 -10 -6] [1 -4 10] [2 10 -9] [4 4 6] [3 -6 9]]","[[0 447] [1 142] [2 427] [4 404] [3 261]]","[[0 10] [1 10] [2 10] [4 10] [3 10]]"
"221","plane","5","pricing-only","10","10","[[0 18 -20] [1 5 6] [4 -3 14] [3 10 1] [2 19 -18]]","[[0 37] [1 582] [4 294] [3 505] [2 263]]","[[0 2] [1 4] [4 9] [3 3] [2 1]]"
"222","plane","5","pricing-only","10","10","[[1 1 1] [0 15 4] [4 -2 14] [3 -11 11] [2 -14 -19]]","[[1 567] [0 366] [4 259] [3 250] [2 239]]","[[1 9] [0 11] [4 9] [3 12] [2 13]]"
"220","plane","5","moving-only","10","10","[[0 -10 -6] [4 5 -9] [3 -11 -3] [1 6 0] [2 -9 6]]","[[0 269] [4 375] [3 118] [1 503] [2 416]]","[[0 10] [4 10] [3 10] [1 10] [2 10]]"
"217","plane","5","moving-only","10","10","[[1 -2 8] [0 6 -14] [4 9 -9] [3 1 8] [2 -9 -7]]","[[1 353] [0 192] [4 308] [3 391] [2 437]]","[[1 10] [0 10] [4 10] [3 10] [2 10]]"
"223","plane","5","pricing-only","10","10","[[3 5 -7] [0 -18 -8] [2 -18 5] [4 19 -1] [1 -3 6]]","[[3 445] [0 219] [2 248] [4 319] [1 450]]","[[3 11] [0 13] [2 10] [4 11] [1 11]]"
"224","plane","5","pricing-only","10","10","[[0 13 -19] [4 2 0] [1 -13 -18] [3 0 -14] [2 6 4]]","[[0 136] [4 588] [1 171] [3 277] [2 509]]","[[0 10] [4 6] [1 10] [3 6] [2 7]]"
"225","plane","5","pricing-only","10","10","[[2 -9 2] [4 1 11] [3 -18 20] [0 18 12] [1 15 10]]","[[2 534] [4 372] [3 94] [0 244] [1 437]]","[[2 12] [4 6] [3 12] [0 1] [1 3]]"
"227","plane","5","pricing-only","10","10","[[2 9 6] [0 5 9] [3 -14 -4] [1 -12 6] [4 1 17]]","[[2 516] [0 482] [3 291] [1 242] [4 150]]","[[2 5] [0 3] [3 14] [1 10] [4 6]]"
"228","plane","5","pricing-only","10","10","[[1 18 11] [4 -9 7] [0 0 -8] [3 -3 -18] [2 0 5]]","[[1 227] [4 316] [0 510] [3 289] [2 339]]","[[1 11] [4 11] [0 6] [3 6] [2 8]]"
"229","plane","5","pricing-only","10","10","[[1 -19 -5] [4 -7 20] [3 4 19] [2 11 -20] [0 11 11]]","[[1 332] [4 245] [3 395] [2 311] [0 398]]","[[1 17] [4 8] [3 4] [2 16] [0 9]]"
"230","plane","5","pricing-only","10","10","[[0 -16 10] [3 17 19] [2 7 -2] [1 -15 2] [4 -3 -8]]","[[0 283] [3 166] [2 537] [1 300] [4 395]]","[[0 8] [3 14] [2 10] [1 7] [4 9]]"
"226","plane","5","pricing-only","10","10","[[0 -12 -2] [2 -5 -10] [4 -10 -8] [3 -9 17] [1 -11 -16]]","[[0 335] [2 420] [4 493] [3 337] [1 96]]","[[0 3] [2 5] [4 1] [3 10] [1 5]]"
"231","plane","5","pricing-only","10","10","[[4 -8 19] [2 -5 12] [1 -1 -6] [0 -1 3] [3 -17 -5]]","[[4 242] [2 224] [1 450] [0 568] [3 197]]","[[4 3] [2 5] [1 9] [0 5] [3 12]]"
"232","plane","5","pricing-only","10","10","[[3 8 -7] [0 13 18] [4 7 -11] [2 -2 -19] [1 15 1]]","[[3 515] [0 286] [4 433] [2 257] [1 190]]","[[3 3] [0 9] [4 2] [2 6] [1 6]]"
"233","plane","5","pricing-only","10","10","[[0 7 -14] [4 -15 3] [1 -14 -19] [2 5 -20] [3 5 -1]]","[[0 398] [4 358] [1 155] [2 220] [3 550]]","[[0 4] [4 16] [1 11] [2 2] [3 12]]"
"235","plane","5","pricing-only","10","10","[[2 18 -1] [3 -17 -14] [4 16 4] [1 4 20] [0 -6 17]]","[[2 387] [3 299] [4 406] [1 297] [0 292]]","[[2 6] [3 18] [4 5] [1 5] [0 12]]"
"236","plane","5","pricing-only","10","10","[[4 11 9] [3 0 -8] [2 -17 1] [0 13 8] [1 5 -1]]","[[4 282] [3 404] [2 311] [0 257] [1 427]]","[[4 4] [3 8] [2 12] [0 3] [1 5]]"
"237","plane","5","pricing-only","10","10","[[4 -15 -19] [3 2 -9] [0 -12 -6] [2 13 -16] [1 -7 -18]]","[[4 89] [3 678] [0 487] [2 291] [1 136]]","[[4 7] [3 8] [0 10] [2 7] [1 6]]"
"238","plane","5","pricing-only","10","10","[[2 13 -15] [3 19 -13] [0 -18 9] [4 -12 19] [1 -13 -13]]","[[2 403] [3 362] [0 296] [4 353] [1 267]]","[[2 6] [3 5] [0 9] [4 9] [1 14]]"
"240","plane","5","pricing-only","10","10","[[4 19 17] [1 -6 1] [3 18 7] [0 -7 9] [2 -7 19]]","[[4 110] [1 587] [3 343] [0 481] [2 160]]","[[4 10] [1 10] [3 11] [0 5] [2 6]]"
"239","plane","5","pricing-only","10","10","[[3 -2 19] [1 7 -20] [2 15 3] [4 17 8] [0 -17 1]]","[[3 258] [1 326] [2 390] [4 282] [0 425]]","[[3 13] [1 13] [2 8] [4 6] [0 15]]"
"234","plane","5","pricing-only","10","10","[[4 0 20] [0 20 -12] [2 4 15] [3 0 15] [1 -16 -12]]","[[4 126] [0 253] [2 497] [3 492] [1 313]]","[[4 3] [0 16] [2 4] [3 4] [1 17]]"
"241","plane","6","normal","10","10","[[3 -7 12] [0 -6 -8] [4 7 -8] [5 15 14] [2 -9 7] [1 10 -2]]","[[3 302] [0 316] [4 287] [5 172] [2 313] [1 291]]","[[3 7] [0 12] [4 10] [5 13] [2 7] [1 9]]"
"242","plane","6","normal","10","10","[[2 -2 -10] [1 0 11] [0 14 8] [3 -12 10] [4 -14 11] [5 -7 0]]","[[2 468] [1 276] [0 257] [3 170] [4 156] [5 354]]","[[2 9] [1 6] [0 12] [3 2] [4 2] [5 5]]"
"243","plane","6","normal","10","10","[[1 2 3] [0 -7 -11] [2 -9 5] [4 12 -10] [5 10 5] [3 -10 -17]]","[[1 349] [0 294] [2 305] [4 199] [5 333] [3 201]]","[[1 6] [0 5] [2 10] [4 13] [5 8] [3 4]]"
"244","plane","6","normal","10","10","[[4 -11 10] [0 0 -6] [5 -5 -7] [1 -11 9] [2 2 14] [3 11 -4]]","[[4 228] [0 349] [5 301] [1 265] [2 231] [3 307]]","[[4 1] [0 4] [5 5] [1 1] [2 10] [3 9]]"
"245","plane","6","normal","10","10","[[4 -12 -10] [0 0 -11] [3 13 -1] [5 3 13] [2 8 -2] [1 -9 5]]","[[4 199] [0 257] [3 287] [5 296] [2 338] [1 304]]","[[4 12] [0 7] [3 4] [5 8] [2 3] [1 11]]"
"246","plane","6","normal","10","10","[[1 4 -11] [0 -11 -2] [5 4 5] [2 -14 -16] [4 7 5] [3 -7 10]]","[[1 307] [0 282] [5 361] [2 141] [4 375] [3 215]]","[[1 11] [0 9] [5 4] [2 13] [4 5] [3 11]]"
"247","plane","6","normal","10","10","[[0 -9 -6] [4 5 -6] [3 14 9] [1 -9 -6] [2 -4 12] [5 7 9]]","[[0 312] [4 324] [3 192] [1 344] [2 265] [5 244]]","[[0 2] [4 9] [3 8] [1 2] [2 8] [5 6]]"
"248","plane","6","normal","10","10","[[4 -14 -11] [1 -12 14] [0 8 -10] [5 13 1] [3 0 -7] [2 7 11]]","[[4 232] [1 230] [0 261] [5 268] [3 367] [2 323]]","[[4 13] [1 16] [0 8] [5 7] [3 8] [2 10]]"
"249","plane","6","normal","10","10","[[0 -11 -1] [2 9 -18] [4 11 7] [1 14 5] [3 3 -1] [5 -8 8]]","[[0 312] [2 227] [4 277] [1 191] [3 380] [5 294]]","[[0 11] [2 10] [4 6] [1 6] [3 6] [5 11]]"
"250","plane","6","normal","10","10","[[4 1 -10] [0 -13 -11] [1 13 4] [2 8 6] [5 -10 4] [3 2 -7]]","[[4 234] [0 187] [1 257] [2 298] [5 293] [3 412]]","[[4 3] [0 10] [1 5] [2 6] [5 12] [3 2]]"
"251","plane","6","normal","10","10","[[5 10 13] [2 -9 10] [1 -10 -7] [3 7 8] [4 8 -6] [0 -8 -10]]","[[5 202] [2 237] [1 316] [3 306] [4 286] [0 334]]","[[5 7] [2 11] [1 3] [3 6] [4 10] [0 3]]"
"253","plane","6","normal","10","10","[[5 -4 7] [1 8 -9] [4 -10 -8] [2 12 11] [0 7 -9] [3 -2 13]]","[[5 260] [1 343] [4 259] [2 172] [0 330] [3 317]]","[[5 6] [1 1] [4 10] [2 11] [0 1] [3 5]]"
"252","plane","6","normal","10","10","[[3 5 -14] [5 3 -2] [1 -6 8] [4 -11 -5] [0 11 -7] [2 -4 10]]","[[3 234] [5 291] [1 297] [4 250] [0 236] [2 373]]","[[3 6] [5 4] [1 3] [4 9] [0 6] [2 3]]"
"254","plane","6","normal","10","10","[[1 14 5] [4 7 -9] [5 -8 -8] [0 -6 6] [2 8 8] [3 1 -13]]","[[1 241] [4 202] [5 273] [0 324] [2 300] [3 341]]","[[1 6] [4 7] [5 9] [0 12] [2 7] [3 4]]"
"256","plane","6","normal","10","10","[[5 -11 -8] [1 16 -8] [4 -1 9] [2 10 -9] [3 -4 -13] [0 1 11]]","[[5 199] [1 163] [4 445] [2 252] [3 251] [0 371]]","[[5 9] [1 6] [4 3] [2 5] [3 6] [0 3]]"
"255","plane","6","normal","10","10","[[3 -9 10] [4 9 8] [1 10 -10] [2 -8 -7] [5 -8 -10] [0 12 -4]]","[[3 270] [4 355] [1 219] [2 334] [5 279] [0 224]]","[[3 13] [4 10] [1 8] [2 5] [5 5] [0 7]]"
"257","plane","6","normal","10","10","[[0 7 9] [3 -7 9] [4 9 16] [2 5 -5] [5 3 -10] [1 -9 -8]]","[[0 310] [3 258] [4 177] [2 288] [5 330] [1 318]]","[[0 5] [3 13] [4 6] [2 5] [5 5] [1 10]]"
"258","plane","6","normal","10","10","[[0 -13 -13] [3 13 0] [2 5 -10] [4 8 12] [1 -2 3] [5 -5 2]]","[[0 171] [3 232] [2 288] [4 217] [1 282] [5 491]]","[[0 12] [3 8] [2 9] [4 9] [1 3] [5 3]]"
"261","plane","6","moving-only","10","10","[[2 18 -4] [4 -8 -14] [0 -7 -15] [3 6 -1] [1 -18 10] [5 -15 9]]","[[2 317] [4 249] [0 165] [3 517] [1 88] [5 345]]","[[2 10] [4 10] [0 10] [3 10] [1 10] [5 10]]"
"259","plane","6","normal","10","10","[[1 -8 -10] [0 -9 10] [5 12 -6] [3 -10 8] [2 8 -7] [4 8 9]]","[[1 240] [0 217] [5 292] [3 431] [2 299] [4 202]]","[[1 12] [0 4] [5 6] [3 3] [2 6] [4 13]]"
"262","plane","6","moving-only","10","10","[[5 8 10] [3 -12 9] [2 3 -6] [4 8 10] [1 -3 -7] [0 -13 10]]","[[5 236] [3 217] [2 424] [4 209] [1 415] [0 180]]","[[5 10] [3 10] [2 10] [4 10] [1 10] [0 10]]"
"260","plane","6","normal","10","10","[[5 12 -6] [3 -8 -6] [4 -9 -6] [0 9 -2] [1 2 15] [2 8 11]]","[[5 144] [3 800] [4 7] [0 291] [1 205] [2 234]]","[[5 9] [3 1] [4 2] [0 5] [1 8] [2 7]]"
"263","plane","6","moving-only","10","10","[[2 8 11] [5 14 -3] [4 5 0] [3 2 13] [1 17 -3] [0 -9 4]]","[[2 220] [5 207] [4 318] [3 187] [1 140] [0 609]]","[[2 10] [5 10] [4 10] [3 10] [1 10] [0 10]]"
"264","plane","6","moving-only","10","10","[[5 0 3] [4 1 -6] [0 0 2] [3 -8 -2] [2 13 9] [1 -4 8]]","[[5 56] [4 476] [0 55] [3 379] [2 361] [1 354]]","[[5 10] [4 10] [0 10] [3 10] [2 10] [1 10]]"
"266","plane","6","moving-only","10","10","[[2 -9 7] [3 3 12] [5 -11 -5] [0 -8 -9] [4 -6 -12] [1 7 0]]","[[2 323] [3 331] [5 175] [0 99] [4 265] [1 488]]","[[2 10] [3 10] [5 10] [0 10] [4 10] [1 10]]"
"269","plane","6","moving-only","10","10","[[4 8 6] [2 2 -8] [3 15 -15] [0 -8 -1] [1 -2 13] [5 3 3]]","[[4 328] [2 290] [3 215] [0 429] [1 322] [5 97]]","[[4 10] [2 10] [3 10] [0 10] [1 10] [5 10]]"
"267","plane","6","moving-only","10","10","[[4 5 -7] [1 -4 -8] [5 11 4] [3 -8 3] [0 -1 15] [2 14 11]]","[[4 347] [1 352] [5 201] [3 344] [0 256] [2 181]]","[[4 10] [1 10] [5 10] [3 10] [0 10] [2 10]]"
"268","plane","6","moving-only","10","10","[[0 -7 10] [4 1 -12] [5 -4 -9] [2 6 2] [3 -10 8] [1 8 -9]]","[[0 236] [4 127] [5 339] [2 437] [3 267] [1 275]]","[[0 10] [4 10] [5 10] [2 10] [3 10] [1 10]]"
"265","plane","6","moving-only","10","10","[[0 2 -7] [5 13 10] [4 12 9] [3 -1 8] [1 -8 8] [2 -12 7]]","[[0 685] [5 177] [4 176] [3 196] [1 132] [2 315]]","[[0 10] [5 10] [4 10] [3 10] [1 10] [2 10]]"
"270","plane","6","moving-only","10","10","[[0 9 12] [2 7 -6] [5 -2 -12] [4 8 15] [1 -10 7] [3 -7 -4]]","[[0 231] [2 394] [5 260] [4 162] [1 369] [3 265]]","[[0 10] [2 10] [5 10] [4 10] [1 10] [3 10]]"
"273","plane","6","moving-only","10","10","[[1 -8 -14] [4 10 -3] [5 -15 -2] [3 -2 7] [2 -1 -11] [0 -12 -10]]","[[1 104] [4 473] [5 222] [3 525] [2 223] [0 134]]","[[1 10] [4 10] [5 10] [3 10] [2 10] [0 10]]"
"272","plane","6","moving-only","10","10","[[1 13 -10] [2 0 -9] [5 -5 7] [0 13 -10] [4 -6 -7] [3 9 10]]","[[1 156] [2 207] [5 446] [0 142] [4 351] [3 379]]","[[1 10] [2 10] [5 10] [0 10] [4 10] [3 10]]"
"271","plane","6","moving-only","10","10","[[3 -6 6] [5 6 9] [1 12 -11] [2 12 -11] [0 -9 -6] [4 -2 -7]]","[[3 384] [5 428] [1 162] [2 171] [0 317] [4 219]]","[[3 10] [5 10] [1 10] [2 10] [0 10] [4 10]]"
"274","plane","6","moving-only","10","10","[[2 2 -9] [0 14 -12] [3 -14 -6] [4 10 11] [1 4 -11] [5 0 7]]","[[2 171] [0 233] [3 390] [4 328] [1 137] [5 422]]","[[2 10] [0 10] [3 10] [4 10] [1 10] [5 10]]"
"275","plane","6","moving-only","10","10","[[2 -5 10] [5 14 12] [1 -10 10] [4 1 -9] [3 -1 9] [0 3 -8]]","[[2 98] [5 303] [1 332] [4 410] [3 182] [0 356]]","[[2 10] [5 10] [1 10] [4 10] [3 10] [0 10]]"
"276","plane","6","moving-only","10","10","[[2 8 -9] [5 0 9] [1 -11 -10] [3 8 6] [0 -12 -9] [4 -6 9]]","[[2 416] [5 166] [1 218] [3 347] [0 185] [4 349]]","[[2 10] [5 10] [1 10] [3 10] [0 10] [4 10]]"
"281","plane","6","pricing-only","10","10","[[3 -12 -3] [4 -16 20] [5 9 -9] [1 1 13] [0 5 6] [2 6 -4]]","[[3 303] [4 118] [5 324] [1 328] [0 263] [2 345]]","[[3 12] [4 10] [5 5] [1 5] [0 5] [2 4]]"
"277","plane","6","moving-only","10","10","[[2 4 -9] [0 -15 -14] [3 -13 3] [5 12 10] [4 -8 6] [1 11 10]]","[[2 498] [0 230] [3 215] [5 211] [4 318] [1 209]]","[[2 10] [0 10] [3 10] [5 10] [4 10] [1 10]]"
"278","plane","6","moving-only","10","10","[[3 -8 9] [5 13 -12] [0 -9 -12] [2 -8 9] [4 6 8] [1 -8 -12]]","[[3 210] [5 345] [0 229] [2 219] [4 475] [1 203]]","[[3 10] [5 10] [0 10] [2 10] [4 10] [1 10]]"
"279","plane","6","moving-only","10","10","[[0 -3 9] [1 2 -10] [5 9 -1] [2 -5 8] [3 12 14] [4 10 -9]]","[[0 168] [1 437] [5 197] [2 410] [3 244] [4 225]]","[[0 10] [1 10] [5 10] [2 10] [3 10] [4 10]]"
"280","plane","6","moving-only","10","10","[[4 -9 -7] [2 -4 12] [0 -15 -4] [3 -18 -3] [5 8 -4] [1 13 -8]]","[[4 316] [2 520] [0 118] [3 104] [5 336] [1 287]]","[[4 10] [2 10] [0 10] [3 10] [5 10] [1 10]]"
"282","plane","6","pricing-only","10","10","[[3 3 -20] [4 -5 -4] [2 -2 -12] [0 13 -5] [5 3 7] [1 -13 7]]","[[3 144] [4 357] [2 251] [0 322] [5 346] [1 261]]","[[3 6] [4 6] [2 6] [0 9] [5 12] [1 12]]"
"285","plane","6","pricing-only","10","10","[[5 -13 8] [1 0 14] [4 -14 -20] [3 11 18] [0 -7 -9] [2 -6 -11]]","[[5 180] [1 311] [4 62] [3 226] [0 400] [2 502]]","[[5 11] [1 7] [4 6] [3 9] [0 2] [2 2]]"
"283","plane","6","pricing-only","10","10","[[2 20 -17] [1 -14 13] [3 3 -6] [5 1 2] [0 1 -16] [4 -1 20]]","[[2 109] [1 198] [3 459] [5 489] [0 230] [4 196]]","[[2 8] [1 11] [3 4] [5 5] [0 7] [4 8]]"
"284","plane","6","pricing-only","10","10","[[3 -5 -10] [0 18 -7] [5 12 1] [4 -6 -9] [2 12 -2] [1 8 2]]","[[3 417] [0 123] [5 232] [4 377] [2 143] [1 389]]","[[3 2] [0 6] [5 3] [4 3] [2 3] [1 4]]"
"287","plane","6","pricing-only","10","10","[[5 13 -4] [2 -17 7] [4 -3 -3] [1 12 -7] [3 8 9] [0 -1 -10]]","[[5 254] [2 232] [4 388] [1 195] [3 286] [0 326]]","[[5 4] [2 12] [4 6] [1 5] [3 11] [0 6]]"
"286","plane","6","pricing-only","10","10","[[3 15 20] [1 6 2] [0 -3 16] [2 -7 -9] [4 2 15] [5 -10 16]]","[[3 142] [1 493] [0 241] [2 383] [4 189] [5 233]]","[[3 6] [1 11] [0 3] [2 16] [4 4] [5 6]]"
"288","plane","6","pricing-only","10","10","[[1 -5 20] [4 7 -15] [2 10 -5] [3 14 -2] [5 -7 9] [0 -8 3]]","[[1 185] [4 272] [2 320] [3 239] [5 307] [0 358]]","[[1 6] [4 7] [2 4] [3 6] [5 5] [0 7]]"
"289","plane","6","pricing-only","10","10","[[3 -17 15] [4 -19 16] [5 3 -18] [0 -5 -15] [2 7 -15] [1 20 -13]]","[[3 277] [4 376] [5 147] [0 268] [2 360] [1 253]]","[[3 3] [4 1] [5 3] [0 8] [2 4] [1 6]]"
"290","plane","6","pricing-only","10","10","[[1 -20 -17] [2 -10 15] [4 -14 5] [5 4 -11] [3 17 18] [0 9 15]]","[[1 170] [2 203] [4 320] [5 398] [3 197] [0 393]]","[[1 14] [2 10] [4 11] [5 17] [3 4] [0 6]]"
"292","plane","6","pricing-only","10","10","[[5 8 -5] [3 -11 5] [2 3 -12] [4 17 16] [1 -12 17] [0 6 3]]","[[5 299] [3 325] [2 342] [4 138] [1 159] [0 418]]","[[5 7] [3 11] [2 10] [4 10] [1 12] [0 6]]"
"293","plane","6","pricing-only","10","10","[[4 -17 16] [0 6 0] [2 8 2] [3 2 -13] [5 -1 -20] [1 -18 8]]","[[4 153] [0 422] [2 389] [3 312] [5 193] [1 212]]","[[4 8] [0 3] [2 4] [3 5] [5 5] [1 8]]"
"291","plane","6","pricing-only","10","10","[[4 15 -16] [1 -7 -1] [0 18 18] [2 -12 -18] [5 10 -17] [3 -18 -14]]","[[4 272] [1 538] [0 238] [2 153] [5 291] [3 189]]","[[4 4] [1 13] [0 15] [2 6] [5 4] [3 6]]"
"294","plane","6","pricing-only","10","10","[[3 14 7] [4 -16 -2] [2 -1 14] [5 19 -12] [1 5 -9] [0 12 3]]","[[3 216] [4 357] [2 299] [5 129] [1 379] [0 301]]","[[3 7] [4 14] [2 13] [5 10] [1 10] [0 6]]"
"296","plane","6","pricing-only","10","10","[[1 3 2] [3 19 -15] [4 -1 14] [0 3 -5] [2 11 12] [5 -6 18]]","[[1 426] [3 149] [4 220] [0 503] [2 176] [5 207]]","[[1 4] [3 9] [4 4] [0 6] [2 9] [5 5]]"
"295","plane","6","pricing-only","10","10","[[0 9 -13] [3 -17 15] [1 7 7] [5 -20 -6] [4 9 -17] [2 -16 20]]","[[0 421] [3 266] [1 385] [5 221] [4 250] [2 138]]","[[0 4] [3 5] [1 12] [5 11] [4 3] [2 4]]"
"297","plane","6","pricing-only","10","10","[[3 6 -8] [1 7 -13] [4 -10 -4] [2 0 16] [5 3 -10] [0 -14 -15]]","[[3 403] [1 160] [4 332] [2 383] [5 279] [0 124]]","[[3 5] [1 6] [4 10] [2 13] [5 4] [0 12]]"
"298","plane","6","pricing-only","10","10","[[4 -3 7] [3 3 -17] [5 10 -10] [0 15 -4] [1 12 -19] [2 14 -14]]","[[4 512] [3 313] [5 409] [0 319] [1 52] [2 76]]","[[4 15] [3 7] [5 3] [0 7] [1 4] [2 4]]"
"300","plane","6","pricing-only","10","10","[[1 13 6] [4 -8 8] [2 -3 20] [5 -7 15] [3 -12 5] [0 1 -14]]","[[1 339] [4 309] [2 138] [5 173] [3 319] [0 403]]","[[1 12] [4 4] [2 5] [5 4] [3 6] [0 13]]"
"299","plane","6","pricing-only","10","10","[[2 -14 17] [0 10 -10] [3 15 8] [1 6 6] [4 -20 1] [5 17 8]]","[[2 165] [0 357] [3 257] [1 457] [4 304] [5 141]]","[[2 13] [0 12] [3 2] [1 6] [4 13] [5 2]]"
"302","plane","7","normal","10","10","[[5 11 -11] [3 0 12] [6 9 7] [1 -8 -11] [2 -8 -7] [4 13 -9] [0 -8 8]]","[[5 230] [3 281] [6 232] [1 162] [2 308] [4 205] [0 263]]","[[5 4] [3 5] [6 8] [1 7] [2 5] [4 4] [0 7]]"
"301","plane","7","normal","10","10","[[3 -12 -3] [4 -8 -10] [6 14 4] [5 8 -7] [1 4 0] [2 -5 12] [0 10 12]]","[[3 256] [4 260] [6 212] [5 202] [1 285] [2 271] [0 195]]","[[3 9] [4 10] [6 7] [5 12] [1 6] [2 11] [0 9]]"
"303","plane","7","normal","10","10","[[4 6 12] [1 -8 9] [3 -13 -17] [5 12 -1] [6 -8 -11] [2 12 0] [0 3 14]]","[[4 223] [1 247] [3 132] [5 391] [6 329] [2 196] [0 163]]","[[4 3] [1 10] [3 6] [5 1] [6 6] [2 1] [0 4]]"
"304","plane","7","normal","10","10","[[3 -7 10] [0 9 -17] [5 -11 -8] [4 -9 1] [2 6 -8] [1 14 -3] [6 6 10]]","[[3 250] [0 179] [5 239] [4 283] [2 245] [1 211] [6 274]]","[[3 10] [0 7] [5 10] [4 7] [2 6] [1 8] [6 11]]"
"306","plane","7","normal","10","10","[[5 3 15] [3 9 8] [6 -16 -1] [0 -6 -11] [2 -8 -5] [1 5 -8] [4 -10 10]]","[[5 263] [3 263] [6 193] [0 240] [2 234] [1 287] [4 201]]","[[5 7] [3 10] [6 5] [0 7] [2 5] [1 12] [4 9]]"
"305","plane","7","normal","10","10","[[1 -16 -3] [5 -13 -3] [0 -12 -16] [3 -10 12] [4 -2 -11] [6 7 6] [2 9 11]]","[[1 158] [5 253] [0 121] [3 192] [4 322] [6 388] [2 247]]","[[1 3] [5 3] [0 8] [3 11] [4 9] [6 7] [2 8]]"
"307","plane","7","normal","10","10","[[1 -11 9] [3 2 11] [5 -11 -6] [2 -11 9] [6 11 8] [4 13 3] [0 -3 -6]]","[[1 248] [3 129] [5 194] [2 208] [6 224] [4 289] [0 389]]","[[1 1] [3 7] [5 9] [2 1] [6 6] [4 7] [0 7]]"
"308","plane","7","normal","10","10","[[2 -12 -5] [5 8 -12] [0 2 6] [3 -11 -10] [4 8 -10] [1 9 12] [6 -6 11]]","[[2 251] [5 150] [0 317] [3 163] [4 381] [1 191] [6 228]]","[[2 7] [5 4] [0 5] [3 9] [4 3] [1 10] [6 10]]"
"309","plane","7","normal","10","10","[[1 2 2] [2 -3 15] [5 17 -3] [3 -12 -9] [4 2 -12] [6 0 -14] [0 -9 11]]","[[1 374] [2 222] [5 212] [3 223] [4 188] [6 241] [0 221]]","[[1 5] [2 7] [5 8] [3 9] [4 4] [6 3] [0 9]]"
"311","plane","7","normal","10","10","[[4 -10 -10] [0 11 8] [1 -7 -12] [2 -3 7] [6 -10 9] [5 9 -8] [3 11 8]]","[[4 263] [0 237] [1 234] [2 300] [6 166] [5 238] [3 243]]","[[4 5] [0 2] [1 5] [2 5] [6 10] [5 10] [3 2]]"
"310","plane","7","normal","10","10","[[4 11 -10] [2 12 13] [0 4 -10] [3 -9 8] [5 13 6] [1 -2 -5] [6 -4 11]]","[[4 188] [2 140] [0 366] [3 306] [5 190] [1 267] [6 224]]","[[4 7] [2 10] [0 4] [3 7] [5 8] [1 7] [6 7]]"
"312","plane","7","normal","10","10","[[3 11 -11] [1 11 -3] [6 -9 -8] [0 3 -14] [4 7 3] [5 -8 6] [2 5 10]]","[[3 142] [1 199] [6 266] [0 203] [4 240] [5 327] [2 304]]","[[3 7] [1 4] [6 11] [0 7] [4 4] [5 10] [2 6]]"
"314","plane","7","normal","10","10","[[3 9 -9] [6 -12 5] [5 -9 -9] [2 8 10] [1 -12 5] [4 1 10] [0 9 -7]]","[[3 292] [6 245] [5 235] [2 212] [1 265] [4 155] [0 277]]","[[3 3] [6 1] [5 8] [2 9] [1 1] [4 7] [0 3]]"
"313","plane","7","normal","10","10","[[1 -10 5] [6 13 9] [5 14 -11] [4 -6 -10] [3 4 10] [2 -10 11] [0 -6 -13]]","[[1 206] [6 209] [5 217] [4 293] [3 282] [2 208] [0 266]]","[[1 6] [6 10] [5 12] [4 4] [3 7] [2 7] [0 4]]"
"315","plane","7","normal","10","10","[[0 14 6] [5 -11 -8] [2 3 9] [3 9 -8] [1 -9 -10] [4 9 -9] [6 -7 9]]","[[0 206] [5 218] [2 237] [3 231] [1 277] [4 252] [6 260]]","[[0 8] [5 4] [2 8] [3 2] [1 3] [4 2] [6 10]]"
"316","plane","7","normal","10","10","[[0 3 -2] [4 -4 -12] [3 -10 -8] [2 10 12] [6 -12 10] [1 15 -13] [5 7 8]]","[[0 312] [4 199] [3 300] [2 132] [6 222] [1 152] [5 364]]","[[0 5] [4 7] [3 7] [2 8] [6 13] [1 12] [5 5]]"
"317","plane","7","normal","10","10","[[1 8 -7] [2 -8 10] [6 -16 -7] [4 -7 -6] [3 12 -5] [0 -11 -15] [5 7 9]]","[[1 283] [2 263] [6 175] [4 257] [3 337] [0 143] [5 223]]","[[1 4] [2 13] [6 6] [4 5] [3 4] [0 7] [5 13]]"
"318","plane","7","normal","10","10","[[1 -7 -5] [5 -7 -12] [6 -19 -8] [4 4 5] [3 10 -11] [2 14 -10] [0 8 17]]","[[1 352] [5 162] [6 171] [4 360] [3 180] [2 192] [0 264]]","[[1 4] [5 6] [6 5] [4 5] [3 5] [2 5] [0 6]]"
"321","plane","7","moving-only","10","10","[[5 -11 -9] [6 9 -13] [0 -2 7] [2 6 8] [3 9 -12] [1 -11 -9] [4 12 2]]","[[5 214] [6 181] [0 441] [2 256] [3 159] [1 206] [4 224]]","[[5 10] [6 10] [0 10] [2 10] [3 10] [1 10] [4 10]]"
"320","plane","7","normal","10","10","[[2 12 -5] [1 -7 -8] [4 -6 12] [6 11 -11] [3 10 7] [0 -7 -8] [5 -5 11]]","[[2 189] [1 318] [4 264] [6 154] [3 222] [0 280] [5 254]]","[[2 7] [1 1] [4 2] [6 9] [3 9] [0 1] [5 2]]"
"319","plane","7","normal","10","10","[[1 -4 -9] [0 -14 7] [3 13 -8] [6 8 8] [2 3 -11] [5 -9 11] [4 -10 -10]]","[[1 238] [0 235] [3 235] [6 284] [2 270] [5 235] [4 184]]","[[1 4] [0 6] [3 8] [6 13] [2 4] [5 8] [4 7]]"
"322","plane","7","moving-only","10","10","[[1 12 1] [2 -4 8] [3 2 -11] [0 12 -2] [4 -7 -3] [6 9 12] [5 11 7]]","[[1 81] [2 381] [3 325] [0 198] [4 388] [6 202] [5 106]]","[[1 10] [2 10] [3 10] [0 10] [4 10] [6 10] [5 10]]"
"323","plane","7","moving-only","10","10","[[2 9 3] [3 -11 -14] [1 -1 2] [6 -13 6] [4 -10 9] [5 5 -5] [0 -11 -16]]","[[2 410] [3 183] [1 161] [6 175] [4 256] [5 371] [0 125]]","[[2 10] [3 10] [1 10] [6 10] [4 10] [5 10] [0 10]]"
"324","plane","7","moving-only","10","10","[[5 5 -15] [3 5 5] [2 16 -10] [4 5 -15] [1 19 -11] [0 -7 -7] [6 -1 7]]","[[5 108] [3 387] [2 157] [4 94] [1 61] [0 440] [6 434]]","[[5 10] [3 10] [2 10] [4 10] [1 10] [0 10] [6 10]]"
"325","plane","7","moving-only","10","10","[[5 -11 11] [4 -5 8] [1 -9 -13] [6 12 13] [0 -11 -10] [3 11 0] [2 8 -5]]","[[5 260] [4 223] [1 201] [6 252] [0 218] [3 179] [2 348]]","[[5 10] [4 10] [1 10] [6 10] [0 10] [3 10] [2 10]]"
"327","plane","7","moving-only","10","10","[[3 11 -11] [0 0 -11] [5 -3 5] [2 12 -4] [4 12 1] [6 10 10] [1 -12 -8]]","[[3 193] [0 208] [5 456] [2 99] [4 121] [6 281] [1 323]]","[[3 10] [0 10] [5 10] [2 10] [4 10] [6 10] [1 10]]"
"328","plane","7","moving-only","10","10","[[3 6 7] [6 -10 7] [0 -8 11] [1 12 -10] [2 -9 -13] [4 11 -10] [5 -7 -15]]","[[3 455] [6 246] [0 222] [1 193] [2 250] [4 176] [5 139]]","[[3 10] [6 10] [0 10] [1 10] [2 10] [4 10] [5 10]]"
"326","plane","7","moving-only","10","10","[[6 -12 10] [1 7 8] [4 -10 11] [0 2 -10] [5 6 -3] [3 12 -1] [2 -7 -6]]","[[6 187] [1 340] [4 184] [0 267] [5 105] [3 230] [2 368]]","[[6 10] [1 10] [4 10] [0 10] [5 10] [3 10] [2 10]]"
"329","plane","7","moving-only","10","10","[[0 0 -13] [6 1 8] [5 6 -6] [2 -8 -9] [3 0 -18] [4 -10 9] [1 11 -2]]","[[0 80] [6 353] [5 172] [2 320] [3 120] [4 337] [1 299]]","[[0 10] [6 10] [5 10] [2 10] [3 10] [4 10] [1 10]]"
"330","plane","7","moving-only","10","10","[[0 -5 5] [6 -12 -4] [2 -3 -11] [3 7 -6] [5 11 2] [1 11 11] [4 -8 -13]]","[[0 406] [6 208] [2 153] [3 297] [5 174] [1 274] [4 169]]","[[0 10] [6 10] [2 10] [3 10] [5 10] [1 10] [4 10]]"
"331","plane","7","moving-only","10","10","[[2 -4 -6] [6 7 4] [4 -12 -2] [1 -8 9] [3 -1 12] [5 -8 -14] [0 15 -14]]","[[2 164] [6 379] [4 189] [1 248] [3 204] [5 235] [0 262]]","[[2 10] [6 10] [4 10] [1 10] [3 10] [5 10] [0 10]]"
"333","plane","7","moving-only","10","10","[[3 10 -5] [0 6 11] [4 -5 -11] [6 -9 -9] [1 -8 5] [5 10 -3] [2 13 14]]","[[3 267] [0 208] [4 210] [6 242] [1 416] [5 163] [2 175]]","[[3 10] [0 10] [4 10] [6 10] [1 10] [5 10] [2 10]]"
"332","plane","7","moving-only","10","10","[[5 0 -8] [3 -10 -2] [1 10 5] [4 -9 12] [0 10 -10] [6 3 11] [2 4 -11]]","[[5 192] [3 348] [1 284] [4 270] [0 238] [6 227] [2 122]]","[[5 10] [3 10] [1 10] [4 10] [0 10] [6 10] [2 10]]"
"334","plane","7","moving-only","10","10","[[2 1 -9] [5 15 -8] [3 -8 -10] [0 15 -8] [4 3 1] [6 -5 10] [1 7 6]]","[[2 189] [5 130] [3 361] [0 131] [4 118] [6 423] [1 329]]","[[2 10] [5 10] [3 10] [0 10] [4 10] [6 10] [1 10]]"
"335","plane","7","moving-only","10","10","[[4 -4 -10] [5 8 0] [6 -15 6] [3 -9 9] [0 6 7] [1 11 -9] [2 -6 -10]]","[[4 163] [5 177] [6 197] [3 250] [0 352] [1 281] [2 261]]","[[4 10] [5 10] [6 10] [3 10] [0 10] [1 10] [2 10]]"
"336","plane","7","moving-only","10","10","[[6 14 3] [5 -11 1] [4 -3 11] [2 -9 16] [3 10 -10] [0 -3 -8] [1 7 7]]","[[6 197] [5 273] [4 157] [2 177] [3 294] [0 352] [1 231]]","[[6 10] [5 10] [4 10] [2 10] [3 10] [0 10] [1 10]]"
"337","plane","7","moving-only","10","10","[[5 0 -7] [4 6 9] [6 2 2] [3 -9 -4] [1 -9 3] [2 2 -11] [0 11 -3]]","[[5 74] [4 368] [6 95] [3 276] [1 341] [2 248] [0 279]]","[[5 10] [4 10] [6 10] [3 10] [1 10] [2 10] [0 10]]"
"341","plane","7","pricing-only","10","10","[[6 18 -1] [1 -20 -4] [2 -17 3] [4 14 3] [3 -3 -2] [5 -5 7] [0 -19 -8]]","[[6 223] [1 87] [2 160] [4 295] [3 380] [5 323] [0 213]]","[[6 9] [1 3] [2 7] [4 9] [3 7] [5 8] [0 4]]"
"339","plane","7","moving-only","10","10","[[0 -1 6] [4 12 15] [5 12 1] [6 6 -3] [2 11 -12] [1 11 14] [3 -15 -14]]","[[0 508] [4 114] [5 164] [6 159] [2 276] [1 120] [3 340]]","[[0 10] [4 10] [5 10] [6 10] [2 10] [1 10] [3 10]]"
"340","plane","7","moving-only","10","10","[[3 -10 -10] [0 6 8] [4 10 -12] [2 -12 10] [1 10 -12] [5 8 5] [6 -12 10]]","[[3 411] [0 299] [4 182] [2 176] [1 171] [5 255] [6 187]]","[[3 10] [0 10] [4 10] [2 10] [1 10] [5 10] [6 10]]"
"338","plane","7","moving-only","10","10","[[4 -5 9] [3 -2 -3] [2 8 2] [6 10 -9] [5 5 -17] [1 -10 -11] [0 -13 3]]","[[4 318] [3 135] [2 377] [6 219] [5 146] [1 264] [0 222]]","[[4 10] [3 10] [2 10] [6 10] [5 10] [1 10] [0 10]]"
"342","plane","7","pricing-only","10","10","[[1 -12 12] [5 6 12] [3 -14 2] [0 -11 3] [6 20 10] [4 -17 -3] [2 -20 -13]]","[[1 145] [5 287] [3 141] [0 463] [6 316] [4 162] [2 167]]","[[1 7] [5 7] [3 1] [0 2] [6 7] [4 2] [2 4]]"
"344","plane","7","pricing-only","10","10","[[6 -2 -9] [3 11 10] [4 -1 -10] [2 15 -10] [5 5 -20] [0 -4 6] [1 -17 -9]]","[[6 168] [3 240] [4 449] [2 172] [5 86] [0 384] [1 182]]","[[6 2] [3 15] [4 1] [2 9] [5 5] [0 11] [1 8]]"
"343","plane","7","pricing-only","10","10","[[0 -5 -19] [1 -9 7] [4 -6 -6] [3 0 20] [2 5 15] [6 -10 -10] [5 8 15]]","[[0 253] [1 219] [4 385] [3 110] [2 230] [6 190] [5 294]]","[[0 5] [1 8] [4 4] [3 4] [2 2] [6 5] [5 3]]"
"345","plane","7","pricing-only","10","10","[[1 18 8] [6 8 19] [2 3 9] [5 12 5] [3 5 -6] [4 4 -17] [0 16 8]]","[[1 112] [6 220] [2 331] [5 128] [3 458] [4 341] [0 91]]","[[1 1] [6 3] [2 7] [5 3] [3 5] [4 6] [0 1]]"
"348","plane","7","pricing-only","10","10","[[2 10 5] [5 5 13] [1 -18 2] [3 2 -6] [4 -17 -8] [0 -20 3] [6 12 -4]]","[[2 220] [5 293] [1 316] [3 325] [4 184] [0 110] [6 233]]","[[2 7] [5 7] [1 2] [3 8] [4 8] [0 2] [6 9]]"
"347","plane","7","pricing-only","10","10","[[1 -6 -2] [5 -12 -16] [0 -17 -15] [6 10 -7] [3 -4 -20] [4 -13 -11] [2 17 2]]","[[1 572] [5 123] [0 41] [6 345] [3 102] [4 239] [2 259]]","[[1 8] [5 2] [0 4] [6 9] [3 6] [4 3] [2 13]]"
"346","plane","7","pricing-only","10","10","[[6 18 0] [4 -8 -10] [3 6 9] [0 14 -17] [2 18 18] [1 12 15] [5 4 16]]","[[6 184] [4 355] [3 466] [0 194] [2 56] [1 110] [5 316]]","[[6 8] [4 17] [3 5] [0 13] [2 4] [1 4] [5 5]]"
"349","plane","7","pricing-only","10","10","[[1 10 -4] [0 8 15] [5 5 0] [4 14 7] [2 5 17] [6 -5 2] [3 1 0]]","[[1 244] [0 154] [5 190] [4 116] [2 135] [6 431] [3 411]]","[[1 6] [0 4] [5 2] [4 6] [2 5] [6 5] [3 2]]"
"350","plane","7","pricing-only","10","10","[[6 20 11] [1 -6 17] [0 9 12] [3 8 20] [4 14 -19] [5 -3 17] [2 -10 -18]]","[[6 161] [1 330] [0 333] [3 56] [4 213] [5 305] [2 283]]","[[6 6] [1 3] [0 5] [3 5] [4 15] [5 2] [2 16]]"
"351","plane","7","pricing-only","10","10","[[4 1 -13] [2 -20 2] [0 -12 14] [1 3 -12] [3 7 -7] [5 11 6] [6 -6 -18]]","[[4 227] [2 188] [0 272] [1 202] [3 352] [5 293] [6 147]]","[[4 2] [2 8] [0 11] [1 2] [3 4] [5 12] [6 6]]"
"352","plane","7","pricing-only","10","10","[[2 20 4] [5 -7 0] [6 -10 4] [4 16 1] [1 14 -7] [3 -8 -20] [0 9 -5]]","[[2 171] [5 350] [6 384] [4 220] [1 184] [3 163] [0 209]]","[[2 3] [5 5] [6 6] [4 3] [1 5] [3 10] [0 5]]"
"353","plane","7","pricing-only","10","10","[[1 -11 17] [2 20 -10] [3 11 -15] [6 -1 11] [4 -4 -19] [5 17 -12] [0 11 -16]]","[[1 269] [2 137] [3 325] [6 471] [4 255] [5 131] [0 93]]","[[1 9] [2 3] [3 1] [6 9] [4 10] [5 2] [0 1]]"
"355","plane","7","pricing-only","10","10","[[5 12 -2] [1 5 3] [4 -9 -18] [6 14 4] [2 3 -17] [3 9 15] [0 4 2]]","[[5 173] [1 574] [4 189] [6 102] [2 192] [3 158] [0 293]]","[[5 6] [1 1] [4 11] [6 6] [2 8] [3 7] [0 2]]"
"354","plane","7","pricing-only","10","10","[[1 12 -13] [6 6 -6] [5 2 -18] [3 12 9] [4 -18 0] [2 4 -6] [0 -7 8]]","[[1 138] [6 259] [5 182] [3 222] [4 236] [2 310] [0 334]]","[[1 7] [6 3] [5 6] [3 13] [4 9] [2 3] [0 10]]"
"356","plane","7","pricing-only","10","10","[[4 0 16] [2 -6 -7] [6 4 -15] [0 -5 5] [5 16 -15] [1 16 8] [3 1 -4]]","[[4 246] [2 246] [6 206] [0 369] [5 140] [1 215] [3 259]]","[[4 8] [2 10] [6 7] [0 7] [5 10] [1 11] [3 6]]"
"357","plane","7","pricing-only","10","10","[[2 9 1] [0 -1 -6] [3 -3 6] [5 -17 -13] [6 15 19] [1 1 -2] [4 -20 -6]]","[[2 323] [0 364] [3 366] [5 106] [6 126] [1 263] [4 133]]","[[2 5] [0 3] [3 7] [5 9] [6 10] [1 2] [4 7]]"
"358","plane","7","pricing-only","10","10","[[3 16 0] [5 9 -17] [6 1 11] [0 -9 1] [4 -10 18] [2 -17 8] [1 -5 4]]","[[3 265] [5 209] [6 234] [0 273] [4 122] [2 142] [1 436]]","[[3 11] [5 14] [6 9] [0 7] [4 7] [2 6] [1 4]]"
"359","plane","7","pricing-only","10","10","[[2 18 -1] [5 3 -6] [0 14 -12] [4 -2 -17] [1 2 8] [6 12 -7] [3 20 -3]]","[[2 214] [5 389] [0 127] [4 271] [1 450] [6 134] [3 96]]","[[2 3] [5 6] [0 5] [4 8] [1 11] [6 3] [3 1]]"
"360","plane","7","pricing-only","10","10","[[4 19 2] [1 -5 6] [5 3 -7] [0 7 -6] [3 9 8] [2 -10 11] [6 11 -8]]","[[4 151] [1 379] [5 346] [0 207] [3 198] [2 232] [6 168]]","[[4 5] [1 5] [5 5] [0 3] [3 8] [2 7] [6 5]]"
"361","plane","8","normal","10","10","[[1 9 -10] [6 -5 11] [2 9 -10] [3 -11 10] [5 -10 -9] [7 7 11] [4 12 10] [0 -12 -13]]","[[1 241] [6 283] [2 249] [3 138] [5 278] [7 184] [4 192] [0 116]]","[[1 3] [6 5] [2 3] [3 9] [5 6] [7 5] [4 6] [0 8]]"
"364","plane","8","normal","10","10","[[4 17 -3] [2 -1 -5] [7 -12 12] [5 -14 -5] [1 10 11] [6 8 11] [0 5 -11] [3 -11 11]]","[[4 156] [2 265] [7 160] [5 198] [1 211] [6 182] [0 269] [3 240]]","[[4 7] [2 5] [7 2] [5 9] [1 3] [6 3] [0 6] [3 2]]"
"362","plane","8","normal","10","10","[[0 8 -19] [4 12 11] [2 -9 12] [3 9 13] [1 -3 1] [5 12 0] [7 6 -8] [6 -7 13]]","[[0 230] [4 154] [2 212] [3 131] [1 350] [5 163] [7 242] [6 199]]","[[0 4] [4 4] [2 3] [3 4] [1 5] [5 5] [7 4] [6 2]]"
"363","plane","8","normal","10","10","[[3 -13 -3] [2 -7 -6] [5 -10 10] [6 9 -10] [7 -9 -12] [1 8 10] [4 11 0] [0 0 10]]","[[3 170] [2 240] [5 186] [6 196] [7 211] [1 244] [4 243] [0 191]]","[[3 6] [2 4] [5 10] [6 11] [7 6] [1 7] [4 7] [0 7]]"
"365","plane","8","normal","10","10","[[0 9 -12] [4 -8 -8] [1 11 8] [5 -7 12] [3 11 9] [2 -11 -11] [6 7 -15] [7 -11 5]]","[[0 174] [4 227] [1 265] [5 161] [3 264] [2 192] [6 179] [7 219]]","[[0 5] [4 4] [1 2] [5 9] [3 2] [2 5] [6 4] [7 7]]"
"366","plane","8","normal","10","10","[[7 -5 -12] [4 -7 5] [6 9 10] [1 10 10] [0 -13 -13] [3 13 -11] [2 -10 8] [5 11 -10]]","[[7 202] [4 271] [6 219] [1 217] [0 148] [3 176] [2 211] [5 237]]","[[7 7] [4 6] [6 4] [1 4] [0 10] [3 3] [2 8] [5 3]]"
"367","plane","8","normal","10","10","[[5 5 14] [2 6 13] [1 -4 -13] [6 -11 1] [4 6 0] [0 -3 -14] [7 10 -1] [3 -10 10]]","[[5 197] [2 234] [1 309] [6 155] [4 170] [0 237] [7 205] [3 174]]","[[5 1] [2 1] [1 1] [6 8] [4 3] [0 1] [7 5] [3 9]]"
"369","plane","8","normal","10","10","[[2 11 8] [4 1 -14] [0 11 9] [6 11 -11] [5 -4 4] [7 -10 -11] [1 -7 -7] [3 -11 11]]","[[2 253] [4 163] [0 265] [6 178] [5 272] [7 198] [1 187] [3 165]]","[[2 1] [4 6] [0 1] [6 9] [5 4] [7 5] [1 4] [3 10]]"
"368","plane","8","normal","10","10","[[7 0 13] [6 -9 -13] [2 13 10] [3 -7 6] [5 12 -11] [0 -14 12] [4 -10 -8] [1 -2 9]]","[[7 183] [6 253] [2 220] [3 200] [5 217] [0 133] [4 253] [1 222]]","[[7 4] [6 5] [2 10] [3 3] [5 15] [0 7] [4 4] [1 3]]"
"371","plane","8","normal","10","10","[[1 -11 11] [5 -9 -12] [4 -12 12] [3 -14 -6] [6 -3 -1] [0 10 -8] [7 11 -1] [2 6 12]]","[[1 219] [5 191] [4 163] [3 183] [6 191] [0 275] [7 237] [2 222]]","[[1 3] [5 8] [4 3] [3 6] [6 6] [0 8] [7 7] [2 10]]"
"370","plane","8","normal","10","10","[[7 -13 -12] [2 -14 -11] [6 2 -6] [1 -9 10] [0 12 9] [4 2 -17] [5 -9 11] [3 16 10]]","[[7 164] [2 154] [6 318] [1 233] [0 266] [4 148] [5 232] [3 166]]","[[7 3] [2 3] [6 5] [1 2] [0 3] [4 8] [5 2] [3 3]]"
"372","plane","8","normal","10","10","[[3 -8 -1] [1 11 8] [6 -8 -1] [2 9 -7] [7 9 -11] [4 -10 -14] [0 -9 16] [5 -9 16]]","[[3 251] [1 223] [6 249] [2 201] [7 241] [4 144] [0 193] [5 179]]","[[3 1] [1 11] [6 1] [2 6] [7 6] [4 9] [0 1] [5 1]]"
"373","plane","8","normal","10","10","[[7 9 -1] [5 -16 11] [1 10 8] [3 -5 9] [4 10 -10] [0 -5 -12] [2 -11 -12] [6 -7 5]]","[[7 256] [5 141] [1 216] [3 231] [4 184] [0 209] [2 185] [6 259]]","[[7 7] [5 7] [1 10] [3 5] [4 11] [0 7] [2 8] [6 4]]"
"375","plane","8","normal","10","10","[[6 -11 -8] [3 6 6] [4 16 -12] [0 11 9] [1 -9 -14] [5 -10 11] [2 12 -10] [7 -9 5]]","[[6 258] [3 340] [4 129] [0 146] [1 164] [5 182] [2 217] [7 245]]","[[6 4] [3 5] [4 6] [0 9] [1 6] [5 7] [2 6] [7 4]]"
"376","plane","8","normal","10","10","[[1 -10 13] [0 8 9] [3 -13 -10] [4 10 -10] [2 8 -10] [5 -9 11] [6 12 8] [7 -12 -10]]","[[1 187] [0 276] [3 177] [4 171] [2 288] [5 224] [6 138] [7 220]]","[[1 3] [0 4] [3 3] [4 4] [2 3] [5 3] [6 6] [7 3]]"
"377","plane","8","normal","10","10","[[3 13 10] [5 -12 -10] [2 14 -13] [4 -14 -8] [0 9 8] [6 -3 -8] [7 10 -10] [1 -12 6]]","[[3 134] [5 178] [2 155] [4 185] [0 360] [6 200] [7 216] [1 253]]","[[3 8] [5 3] [2 4] [4 3] [0 6] [6 5] [7 4] [1 11]]"
"378","plane","8","normal","10","10","[[0 10 -7] [5 -13 -9] [4 1 7] [7 13 12] [2 -12 -9] [6 -13 5] [1 2 -10] [3 4 4]]","[[0 221] [5 181] [4 220] [7 161] [2 214] [6 212] [1 199] [3 273]]","[[0 8] [5 2] [4 6] [7 10] [2 2] [6 9] [1 6] [3 4]]"
"374","plane","8","normal","10","10","[[2 8 7] [1 10 15] [7 -11 11] [5 -15 -10] [6 -12 4] [3 6 -5] [4 6 -7] [0 -11 -12]]","[[2 251] [1 146] [7 207] [5 166] [6 187] [3 240] [4 339] [0 145]]","[[2 5] [1 8] [7 8] [5 4] [6 6] [3 2] [4 2] [0 5]]"
"382","plane","8","moving-only","10","10","[[6 11 -8] [0 -8 1] [4 3 -11] [1 8 9] [5 -2 -11] [2 11 -2] [3 8 9] [7 -9 -11]]","[[6 193] [0 457] [4 130] [1 202] [5 101] [2 159] [3 202] [7 237]]","[[6 10] [0 10] [4 10] [1 10] [5 10] [2 10] [3 10] [7 10]]"
"379","plane","8","normal","10","10","[[2 7 14] [5 -10 -11] [0 10 -7] [1 -6 11] [7 -7 -5] [3 10 -9] [6 7 14] [4 -12 9]]","[[2 188] [5 182] [0 246] [1 176] [7 241] [3 291] [6 188] [4 169]]","[[2 1] [5 8] [0 1] [1 5] [7 5] [3 1] [6 1] [4 7]]"
"381","plane","8","moving-only","10","10","[[4 -5 12] [2 -13 12] [6 -13 4] [3 14 7] [5 2 -10] [7 10 6] [0 0 -14] [1 -12 4]]","[[4 206] [2 143] [6 161] [3 243] [5 309] [7 201] [0 295] [1 123]]","[[4 10] [2 10] [6 10] [3 10] [5 10] [7 10] [0 10] [1 10]]"
"383","plane","8","moving-only","10","10","[[4 -12 -2] [5 -1 -13] [6 -4 9] [2 8 -9] [1 -2 -4] [0 12 5] [7 -9 10] [3 4 13]]","[[4 262] [5 223] [6 102] [2 282] [1 128] [0 259] [7 229] [3 196]]","[[4 10] [5 10] [6 10] [2 10] [1 10] [0 10] [7 10] [3 10]]"
"380","plane","8","normal","10","10","[[4 -2 -14] [0 -9 1] [5 10 9] [3 -10 12] [6 10 7] [1 9 -5] [2 -14 10] [7 -3 -12]]","[[4 212] [0 186] [5 267] [3 169] [6 198] [1 224] [2 133] [7 292]]","[[4 2] [0 6] [5 3] [3 6] [6 3] [1 6] [2 6] [7 2]]"
"384","plane","8","moving-only","10","10","[[6 -12 -11] [3 9 -8] [5 9 11] [2 -10 4] [7 9 11] [0 -10 7] [1 8 -11] [4 -7 -4]]","[[6 259] [3 225] [5 207] [2 122] [7 197] [0 288] [1 229] [4 154]]","[[6 10] [3 10] [5 10] [2 10] [7 10] [0 10] [1 10] [4 10]]"
"385","plane","8","moving-only","10","10","[[2 -7 -12] [7 8 11] [3 6 -12] [5 12 -1] [0 -11 -10] [6 12 -9] [1 -11 1] [4 -1 5]]","[[2 149] [7 296] [3 171] [5 172] [0 173] [6 161] [1 313] [4 246]]","[[2 10] [7 10] [3 10] [5 10] [0 10] [6 10] [1 10] [4 10]]"
"386","plane","8","moving-only","10","10","[[0 -11 -7] [4 3 11] [3 9 -12] [1 -11 -7] [5 4 -12] [6 7 9] [7 10 1] [2 -7 7]]","[[0 180] [4 154] [3 206] [1 173] [5 183] [6 204] [7 222] [2 359]]","[[0 10] [4 10] [3 10] [1 10] [5 10] [6 10] [7 10] [2 10]]"
"387","plane","8","moving-only","10","10","[[1 -12 -10] [5 14 15] [0 4 -12] [4 10 -1] [7 -9 7] [2 7 10] [3 7 -13] [6 -10 3]]","[[1 280] [5 155] [0 156] [4 240] [7 286] [2 198] [3 192] [6 174]]","[[1 10] [5 10] [0 10] [4 10] [7 10] [2 10] [3 10] [6 10]]"
"388","plane","8","moving-only","10","10","[[2 10 12] [1 -5 5] [5 -2 -8] [3 -10 -12] [7 9 16] [4 9 -13] [6 -14 -4] [0 9 -14]]","[[2 253] [1 387] [5 169] [3 191] [7 150] [4 200] [6 189] [0 142]]","[[2 10] [1 10] [5 10] [3 10] [7 10] [4 10] [6 10] [0 10]]"
"389","plane","8","moving-only","10","10","[[2 9 -11] [0 -5 14] [4 12 -13] [3 -10 12] [6 -7 -7] [1 4 6] [7 -17 4] [5 -14 -1]]","[[2 206] [0 144] [4 183] [3 161] [6 326] [1 440] [7 82] [5 139]]","[[2 10] [0 10] [4 10] [3 10] [6 10] [1 10] [7 10] [5 10]]"
"390","plane","8","moving-only","10","10","[[1 -11 -14] [0 12 15] [7 11 -8] [6 -8 -3] [4 -15 -10] [2 1 8] [3 8 -9] [5 -11 14]]","[[1 165] [0 243] [7 255] [6 206] [4 127] [2 224] [3 205] [5 256]]","[[1 10] [0 10] [7 10] [6 10] [4 10] [2 10] [3 10] [5 10]]"
"392","plane","8","moving-only","10","10","[[7 7 -6] [1 -10 9] [6 5 -9] [3 -11 9] [5 10 8] [0 -11 -11] [4 6 11] [2 -11 -10]]","[[7 236] [1 175] [6 259] [3 210] [5 237] [0 182] [4 211] [2 171]]","[[7 10] [1 10] [6 10] [3 10] [5 10] [0 10] [4 10] [2 10]]"
"391","plane","8","moving-only","10","10","[[4 -2 -13] [2 15 9] [6 11 -4] [0 -15 9] [3 -1 9] [1 11 11] [7 -14 11] [5 -6 -5]]","[[4 283] [2 127] [6 331] [0 128] [3 223] [1 162] [7 148] [5 279]]","[[4 10] [2 10] [6 10] [0 10] [3 10] [1 10] [7 10] [5 10]]"
"393","plane","8","moving-only","10","10","[[0 7 -11] [4 7 10] [7 7 -11] [3 1 -4] [1 -8 12] [5 -8 -7] [6 -12 0] [2 -1 10]]","[[0 192] [4 350] [7 176] [3 142] [1 226] [5 282] [6 187] [2 126]]","[[0 10] [4 10] [7 10] [3 10] [1 10] [5 10] [6 10] [2 10]]"
"394","plane","8","moving-only","10","10","[[3 13 9] [6 -3 3] [0 -12 3] [1 14 9] [4 -7 -11] [7 6 -3] [5 -8 10] [2 -13 -15]]","[[3 175] [6 132] [0 179] [1 154] [4 212] [7 400] [5 271] [2 158]]","[[3 10] [6 10] [0 10] [1 10] [4 10] [7 10] [5 10] [2 10]]"
"395","plane","8","moving-only","10","10","[[1 -13 -11] [5 9 -11] [7 11 -7] [2 -5 4] [6 -13 -12] [4 10 11] [0 0 -2] [3 10 12]]","[[1 153] [5 231] [7 182] [2 430] [6 170] [4 158] [0 157] [3 200]]","[[1 10] [5 10] [7 10] [2 10] [6 10] [4 10] [0 10] [3 10]]"
"396","plane","8","moving-only","10","10","[[5 -13 -12] [6 -5 13] [7 -10 3] [1 10 -5] [3 7 -7] [4 2 -15] [2 -1 1] [0 -13 -10]]","[[5 137] [6 390] [7 207] [1 355] [3 96] [4 192] [2 181] [0 123]]","[[5 10] [6 10] [7 10] [1 10] [3 10] [4 10] [2 10] [0 10]]"
"397","plane","8","moving-only","10","10","[[7 -5 -10] [3 6 8] [0 11 0] [4 -7 8] [1 -8 -8] [5 13 -2] [6 10 -9] [2 -2 10]]","[[7 200] [3 268] [0 117] [4 315] [1 273] [5 97] [6 261] [2 150]]","[[7 10] [3 10] [0 10] [4 10] [1 10] [5 10] [6 10] [2 10]]"
"401","plane","8","pricing-only","10","10","[[7 6 11] [6 1 -16] [4 -5 -15] [0 4 15] [3 20 -4] [5 -6 -11] [2 -8 4] [1 -19 1]]","[[7 322] [6 194] [4 179] [0 199] [3 177] [5 220] [2 235] [1 155]]","[[7 4] [6 5] [4 2] [0 4] [3 8] [5 3] [2 6] [1 6]]"
"398","plane","8","moving-only","10","10","[[4 -9 12] [6 13 -12] [7 8 -2] [5 -10 0] [2 -10 -9] [0 -10 -12] [3 10 9] [1 -7 12]]","[[4 175] [6 261] [7 220] [5 204] [2 121] [0 220] [3 325] [1 155]]","[[4 10] [6 10] [7 10] [5 10] [2 10] [0 10] [3 10] [1 10]]"
"399","plane","8","moving-only","10","10","[[4 13 -8] [6 -6 12] [5 -10 -9] [1 10 -9] [2 -6 11] [3 13 14] [0 6 11] [7 13 9]]","[[4 177] [6 189] [5 449] [1 252] [2 207] [3 113] [0 160] [7 134]]","[[4 10] [6 10] [5 10] [1 10] [2 10] [3 10] [0 10] [7 10]]"
"400","plane","8","moving-only","10","10","[[2 -14 -8] [6 -13 -12] [3 15 5] [7 7 -8] [5 -4 0] [4 10 8] [1 -10 10] [0 -3 -12]]","[[2 132] [6 131] [3 160] [7 317] [5 166] [4 270] [1 344] [0 161]]","[[2 10] [6 10] [3 10] [7 10] [5 10] [4 10] [1 10] [0 10]]"
"402","plane","8","pricing-only","10","10","[[4 -19 4] [0 -8 0] [6 -6 3] [2 -11 18] [7 5 -17] [5 -8 19] [3 -3 6] [1 1 8]]","[[4 124] [0 366] [6 86] [2 86] [7 239] [5 69] [3 368] [1 343]]","[[4 4] [0 3] [6 2] [2 5] [7 12] [5 4] [3 1] [1 4]]"
"403","plane","8","pricing-only","10","10","[[4 -19 -12] [2 -16 -13] [3 -16 16] [0 15 3] [7 13 5] [1 -19 20] [5 -3 8] [6 15 -5]]","[[4 138] [2 290] [3 149] [0 221] [7 254] [1 70] [5 304] [6 255]]","[[4 3] [2 4] [3 4] [0 2] [7 3] [1 1] [5 6] [6 7]]"
"404","plane","8","pricing-only","10","10","[[3 3 6] [6 -15 11] [5 17 -14] [2 -10 1] [4 -12 -7] [1 -6 9] [0 2 9] [7 -14 -10]]","[[3 399] [6 125] [5 169] [2 138] [4 239] [1 156] [0 238] [7 217]]","[[3 4] [6 7] [5 14] [2 4] [4 3] [1 4] [0 4] [7 3]]"
"405","plane","8","pricing-only","10","10","[[7 -17 -9] [6 15 -6] [1 18 6] [4 1 16] [0 -13 8] [2 -13 -12] [5 -11 0] [3 -11 -18]]","[[7 76] [6 281] [1 212] [4 254] [0 198] [2 221] [5 264] [3 175]]","[[7 4] [6 12] [1 11] [4 10] [0 9] [2 3] [5 6] [3 4]]"
"406","plane","8","pricing-only","10","10","[[7 16 -9] [4 -14 -19] [5 3 18] [1 -15 -6] [0 3 7] [2 13 7] [6 -11 7] [3 1 15]]","[[7 215] [4 177] [5 160] [1 276] [0 284] [2 203] [6 223] [3 143]]","[[7 15] [4 9] [5 3] [1 7] [0 6] [2 8] [6 8] [3 4]]"
"407","plane","8","pricing-only","10","10","[[3 3 2] [5 -4 -19] [1 0 4] [4 20 -14] [7 20 -8] [0 9 -11] [2 -10 5] [6 8 -20]]","[[3 391] [5 167] [1 370] [4 51] [7 88] [0 159] [2 369] [6 86]]","[[3 3] [5 11] [1 3] [4 6] [7 6] [0 5] [2 7] [6 5]]"
"408","plane","8","pricing-only","10","10","[[3 6 9] [4 9 -8] [2 -18 7] [6 20 5] [0 19 15] [5 17 -19] [7 3 6] [1 18 5]]","[[3 192] [4 375] [2 354] [6 98] [0 68] [5 91] [7 401] [1 102]]","[[3 4] [4 7] [2 9] [6 1] [0 6] [5 8] [7 4] [1 2]]"
"409","plane","8","pricing-only","10","10","[[2 19 -9] [4 -20 19] [0 -17 -14] [5 -18 -16] [3 9 -2] [7 -2 -12] [6 13 19] [1 6 8]]","[[2 123] [4 129] [0 302] [5 98] [3 308] [7 212] [6 135] [1 374]]","[[2 10] [4 13] [0 2] [5 1] [3 6] [7 8] [6 8] [1 7]]"
"410","plane","8","pricing-only","10","10","[[4 17 8] [5 9 17] [6 2 0] [3 -15 9] [0 13 -7] [7 -11 -8] [1 4 -6] [2 3 15]]","[[4 130] [5 131] [6 290] [3 212] [0 195] [7 258] [1 284] [2 181]]","[[4 8] [5 6] [6 5] [3 12] [0 9] [7 12] [1 6] [2 7]]"
"411","plane","8","pricing-only","10","10","[[1 5 9] [4 -10 16] [6 19 -14] [0 0 -1] [2 20 9] [3 8 -14] [7 -10 14] [5 4 7]]","[[1 207] [4 174] [6 128] [0 363] [2 120] [3 283] [7 241] [5 165]]","[[1 3] [4 1] [6 6] [0 6] [2 7] [3 6] [7 2] [5 3]]"
"412","plane","8","pricing-only","10","10","[[2 -8 1] [4 12 7] [7 16 12] [1 -11 4] [3 1 2] [6 3 6] [5 13 9] [0 -1 -6]]","[[2 249] [4 167] [7 76] [1 230] [3 182] [6 189] [5 164] [0 424]]","[[2 4] [4 3] [7 4] [1 6] [3 2] [6 3] [5 2] [0 5]]"
"415","plane","8","pricing-only","10","10","[[6 -17 -15] [1 16 2] [3 3 10] [2 -3 3] [4 -10 -2] [0 -3 1] [7 8 7] [5 -9 -8]]","[[6 90] [1 273] [3 188] [2 241] [4 206] [0 221] [7 210] [5 252]]","[[6 8] [1 7] [3 5] [2 3] [4 4] [0 3] [7 5] [5 5]]"
"414","plane","8","pricing-only","10","10","[[2 -16 -19] [0 -1 14] [6 -9 8] [3 -8 7] [1 -18 -10] [5 -8 20] [7 -3 -6] [4 8 2]]","[[2 96] [0 205] [6 211] [3 205] [1 131] [5 62] [7 370] [4 401]]","[[2 7] [0 7] [6 2] [3 2] [1 6] [5 6] [7 7] [4 9]]"
"413","plane","8","pricing-only","10","10","[[5 -17 17] [2 0 10] [1 -10 -12] [3 18 0] [6 12 12] [0 15 16] [7 0 8] [4 -1 -8]]","[[5 113] [2 208] [1 223] [3 181] [6 188] [0 70] [7 383] [4 315]]","[[5 9] [2 2] [1 12] [3 10] [6 3] [0 4] [7 2] [4 9]]"
"416","plane","8","pricing-only","10","10","[[7 19 -11] [3 9 15] [4 -12 -15] [2 -19 18] [6 16 3] [1 0 4] [0 4 18] [5 4 -12]]","[[7 138] [3 157] [4 213] [2 145] [6 164] [1 429] [0 176] [5 259]]","[[7 11] [3 8] [4 15] [2 11] [6 10] [1 8] [0 6] [5 11]]"
"417","plane","8","pricing-only","10","10","[[0 -10 -12] [6 11 3] [1 -4 9] [3 9 14] [7 17 -20] [5 18 -15] [4 15 -1] [2 -9 -20]]","[[0 332] [6 279] [1 313] [3 210] [7 76] [5 131] [4 193] [2 147]]","[[0 8] [6 4] [1 13] [3 8] [7 3] [5 3] [4 3] [2 6]]"
"418","plane","8","pricing-only","10","10","[[2 13 6] [1 9 11] [7 -4 -10] [6 -11 11] [3 -18 -3] [4 -12 -11] [0 -11 -10] [5 13 3]]","[[2 177] [1 272] [7 276] [6 205] [3 118] [4 168] [0 175] [5 290]]","[[2 3] [1 5] [7 5] [6 12] [3 6] [4 2] [0 2] [5 4]]"
"419","plane","8","pricing-only","10","10","[[3 -4 -8] [0 7 -13] [6 -1 10] [1 11 10] [5 -9 12] [7 11 17] [4 17 17] [2 -5 12]]","[[3 337] [0 257] [6 232] [1 238] [5 244] [7 73] [4 74] [2 226]]","[[3 12] [0 14] [6 3] [1 6] [5 4] [7 5] [4 5] [2 2]]"
"420","plane","8","pricing-only","10","10","[[1 -18 7] [0 -3 18] [5 -8 -18] [6 -14 -20] [2 -7 -18] [4 -8 17] [7 -1 10] [3 18 14]]","[[1 164] [0 123] [5 650] [6 68] [2 17] [4 131] [7 321] [3 207]]","[[1 8] [0 5] [5 1] [6 3] [2 2] [4 6] [7 7] [3 11]]"
"421","plane","9","normal","10","10","[[3 -12 -13] [1 -13 13] [6 15 7] [7 -12 2] [8 9 -10] [0 -12 0] [4 4 10] [2 5 -9] [5 11 9]]","[[3 140] [1 134] [6 141] [7 188] [8 142] [0 202] [4 198] [2 329] [5 207]]","[[3 10] [1 9] [6 4] [7 3] [8 7] [0 3] [4 5] [2 4] [5 3]]"
"423","plane","9","normal","10","10","[[5 13 14] [0 11 -4] [6 -8 11] [1 13 -1] [2 -11 -7] [8 2 7] [3 6 -11] [4 -9 11] [7 1 -13]]","[[5 116] [0 157] [6 165] [1 152] [2 230] [8 201] [3 226] [4 258] [7 176]]","[[5 11] [0 3] [6 3] [1 4] [2 9] [8 5] [3 3] [4 3] [7 5]]"
"422","plane","9","normal","10","10","[[0 -12 11] [1 10 -10] [4 -3 12] [8 1 -8] [5 -1 -7] [7 12 10] [3 -12 5] [6 -11 -9] [2 13 10]]","[[0 119] [1 198] [4 166] [8 229] [5 239] [7 198] [3 163] [6 180] [2 189]]","[[0 9] [1 7] [4 7] [8 2] [5 2] [7 3] [3 7] [6 8] [2 3]]"
"424","plane","9","normal","10","10","[[0 9 9] [2 -5 -2] [8 9 -13] [5 -8 -11] [3 2 14] [4 -15 2] [6 12 -5] [7 -13 9] [1 15 -12]]","[[0 217] [2 234] [8 156] [5 185] [3 196] [4 179] [6 204] [7 191] [1 119]]","[[0 9] [2 6] [8 7] [5 11] [3 8] [4 6] [6 6] [7 8] [1 6]]"
"425","plane","9","normal","10","10","[[0 11 12] [4 -12 12] [3 5 12] [5 -12 13] [1 -9 1] [2 9 -11] [7 -12 -9] [8 -11 -13] [6 10 -10]]","[[0 188] [4 172] [3 211] [5 156] [1 151] [2 205] [7 179] [8 154] [6 265]]","[[0 7] [4 1] [3 5] [5 1] [1 5] [2 4] [7 4] [8 5] [6 4]]"
"426","plane","9","normal","10","10","[[5 12 -12] [7 12 -3] [8 14 10] [2 -5 -12] [3 -2 -12] [0 -12 1] [4 3 8] [1 9 10] [6 -10 10]]","[[5 165] [7 124] [8 127] [2 225] [3 240] [0 190] [4 245] [1 160] [6 205]]","[[5 8] [7 8] [8 6] [2 4] [3 3] [0 7] [4 4] [1 4] [6 8]]"
"428","plane","9","normal","10","10","[[5 7 -8] [2 -10 -13] [1 13 11] [8 -11 -8] [3 12 10] [4 10 -11] [7 -8 5] [6 -15 15] [0 -10 11]]","[[5 262] [2 149] [1 166] [8 240] [3 247] [4 165] [7 180] [6 86] [0 186]]","[[5 5] [2 6] [1 3] [8 4] [3 3] [4 7] [7 5] [6 7] [0 5]]"
"427","plane","9","normal","10","10","[[6 8 -11] [1 12 7] [3 -12 13] [0 -11 -12] [4 0 10] [2 -14 8] [8 1 -11] [5 -8 1] [7 12 7]]","[[6 201] [1 241] [3 137] [0 179] [4 136] [2 132] [8 186] [5 224] [7 245]]","[[6 8] [1 1] [3 6] [0 10] [4 6] [2 5] [8 7] [5 5] [7 1]]"
"429","plane","9","normal","10","10","[[2 -10 11] [4 10 5] [8 -10 -12] [5 -10 1] [1 -14 1] [6 12 -9] [0 12 -7] [3 -1 -11] [7 -1 13]]","[[2 132] [4 207] [8 134] [5 166] [1 184] [6 203] [0 213] [3 195] [7 247]]","[[2 9] [4 9] [8 10] [5 5] [1 5] [6 3] [0 3] [3 6] [7 7]]"
"431","plane","9","normal","10","10","[[1 12 11] [8 -11 9] [0 -4 14] [3 11 -9] [5 -10 -10] [2 -6 -6] [6 3 11] [4 12 -1] [7 11 -13]]","[[1 151] [8 149] [0 215] [3 194] [5 218] [2 305] [6 171] [4 151] [7 127]]","[[1 8] [8 8] [0 4] [3 4] [5 6] [2 4] [6 5] [4 6] [7 6]]"
"430","plane","9","normal","10","10","[[2 -9 -11] [3 -3 10] [8 11 -12] [5 15 -12] [7 -16 -10] [6 -5 0] [4 2 -12] [1 12 5] [0 12 10]]","[[2 185] [3 314] [8 201] [5 80] [7 131] [6 263] [4 130] [1 202] [0 175]]","[[2 5] [3 8] [8 4] [5 6] [7 7] [6 6] [4 6] [1 6] [0 8]]"
"432","plane","9","normal","10","10","[[2 12 11] [4 12 -12] [1 -9 12] [0 -10 12] [8 7 9] [7 -10 -10] [3 3 -5] [5 -6 -16] [6 11 -6]]","[[2 101] [4 153] [1 453] [0 5] [8 296] [7 200] [3 150] [5 172] [6 151]]","[[2 7] [4 8] [1 1] [0 2] [8 3] [7 7] [3 6] [5 6] [6 6]]"
"433","plane","9","normal","10","10","[[5 -10 -10] [4 -7 -12] [3 8 6] [0 15 11] [1 11 -11] [7 -11 11] [8 5 12] [6 -10 6] [2 9 -9]]","[[5 183] [4 216] [3 228] [0 136] [1 160] [7 192] [8 136] [6 194] [2 236]]","[[5 6] [4 5] [3 5] [0 8] [1 5] [7 8] [8 8] [6 7] [2 4]]"
"434","plane","9","normal","10","10","[[3 -10 -10] [5 9 0] [0 11 11] [6 -7 11] [4 -11 -9] [8 12 -11] [1 12 -12] [7 -9 11] [2 5 10]]","[[3 227] [5 141] [0 131] [6 220] [4 202] [8 365] [1 4] [7 183] [2 208]]","[[3 4] [5 6] [0 8] [6 3] [4 4] [8 2] [1 3] [7 4] [2 4]]"
"436","plane","9","normal","10","10","[[0 12 11] [4 -12 12] [2 -12 -7] [5 -3 9] [8 8 -9] [3 -11 5] [1 9 -9] [7 -10 -10] [6 14 11]]","[[0 253] [4 142] [2 189] [5 186] [8 259] [3 142] [1 258] [7 161] [6 91]]","[[0 2] [4 7] [2 4] [5 5] [8 1] [3 5] [1 1] [7 5] [6 3]]"
"435","plane","9","normal","10","10","[[4 9 -11] [3 9 8] [7 -10 -8] [2 -11 10] [8 -10 -7] [5 -12 10] [6 1 9] [1 12 -7] [0 13 13]]","[[4 154] [3 213] [7 4] [2 173] [8 439] [5 187] [6 176] [1 239] [0 96]]","[[4 7] [3 4] [7 4] [2 1] [8 3] [5 1] [6 4] [1 5] [0 8]]"
"437","plane","9","normal","10","10","[[4 -15 15] [0 10 11] [1 11 -8] [2 -11 -9] [3 -13 -15] [5 -5 12] [6 -10 4] [8 6 -7] [7 3 12]]","[[4 93] [0 198] [1 257] [2 224] [3 111] [5 168] [6 198] [8 263] [7 169]]","[[4 9] [0 9] [1 7] [2 6] [3 8] [5 5] [6 6] [8 6] [7 6]]"
"438","plane","9","normal","10","10","[[3 -11 13] [1 -8 -3] [0 -9 -13] [5 -9 10] [8 9 10] [4 11 -10] [2 10 -8] [6 -8 -16] [7 13 9]]","[[3 142] [1 190] [0 178] [5 230] [8 228] [4 218] [2 231] [6 127] [7 137]]","[[3 5] [1 5] [0 3] [5 4] [8 5] [4 2] [2 2] [6 3] [7 6]]"
"441","plane","9","moving-only","10","10","[[6 -8 -7] [4 3 -15] [8 14 12] [7 7 -5] [2 -1 13] [5 8 9] [0 -6 13] [1 -14 12] [3 -10 2]]","[[6 297] [4 235] [8 191] [7 286] [2 122] [5 132] [0 89] [1 155] [3 174]]","[[6 10] [4 10] [8 10] [7 10] [2 10] [5 10] [0 10] [1 10] [3 10]]"
"442","plane","9","moving-only","10","10","[[4 11 10] [5 6 13] [6 -10 4] [3 -7 -9] [7 2 -11] [8 10 -4] [2 -1 8] [0 13 -14] [1 12 -14]]","[[4 205] [5 132] [6 327] [3 307] [7 154] [8 188] [2 194] [0 104] [1 70]]","[[4 10] [5 10] [6 10] [3 10] [7 10] [8 10] [2 10] [0 10] [1 10]]"
"443","plane","9","moving-only","10","10","[[8 -13 14] [2 10 11] [7 14 -11] [0 -3 11] [5 -9 -7] [3 6 10] [6 -9 1] [1 3 -9] [4 14 -12]]","[[8 182] [2 249] [7 135] [0 149] [5 294] [3 133] [6 179] [1 239] [4 121]]","[[8 10] [2 10] [7 10] [0 10] [5 10] [3 10] [6 10] [1 10] [4 10]]"
"444","plane","9","moving-only","10","10","[[7 -3 -10] [3 7 -10] [4 -10 12] [8 -13 -9] [0 -15 -10] [1 2 -3] [5 13 -7] [6 -8 11] [2 5 6]]","[[7 163] [3 148] [4 209] [8 133] [0 143] [1 116] [5 226] [6 165] [2 378]]","[[7 10] [3 10] [4 10] [8 10] [0 10] [1 10] [5 10] [6 10] [2 10]]"
"439","plane","9","normal","10","10","[[6 -9 -11] [2 -5 16] [4 -14 -13] [3 -5 16] [8 6 3] [7 10 -12] [1 -11 3] [5 6 8] [0 6 -15]]","[[6 196] [2 187] [4 114] [3 176] [8 287] [7 162] [1 153] [5 207] [0 199]]","[[6 6] [2 1] [4 8] [3 1] [8 4] [7 6] [1 8] [5 5] [0 4]]"
"440","plane","9","normal","10","10","[[4 -9 10] [5 9 -12] [3 -5 7] [8 -2 -9] [6 -12 -6] [7 12 -1] [1 11 -13] [0 8 12] [2 9 13]]","[[4 177] [5 191] [3 259] [8 222] [6 204] [7 142] [1 118] [0 175] [2 193]]","[[4 7] [5 3] [3 4] [8 6] [6 9] [7 6] [1 4] [0 2] [2 2]]"
"445","plane","9","moving-only","10","10","[[5 -10 10] [7 10 -10] [3 1 9] [2 -14 -9] [4 -5 -13] [1 -7 -18] [8 -7 -10] [6 -10 0] [0 10 11]]","[[5 255] [7 371] [3 200] [2 145] [4 83] [1 87] [8 80] [6 158] [0 302]]","[[5 10] [7 10] [3 10] [2 10] [4 10] [1 10] [8 10] [6 10] [0 10]]"
"446","plane","9","moving-only","10","10","[[0 -7 -11] [8 12 6] [5 -3 9] [1 -13 5] [7 -8 12] [3 8 -13] [2 -7 -11] [4 10 -8] [6 5 9]]","[[0 171] [8 243] [5 125] [1 211] [7 176] [3 192] [2 186] [4 196] [6 181]]","[[0 10] [8 10] [5 10] [1 10] [7 10] [3 10] [2 10] [4 10] [6 10]]"
"448","plane","9","moving-only","10","10","[[1 -16 5] [5 -12 -12] [4 12 -4] [2 13 -6] [6 -12 -13] [7 3 -9] [3 -1 10] [0 12 13] [8 -13 5]]","[[1 148] [5 136] [4 137] [2 179] [6 140] [7 261] [3 271] [0 244] [8 165]]","[[1 10] [5 10] [4 10] [2 10] [6 10] [7 10] [3 10] [0 10] [8 10]]"
"447","plane","9","moving-only","10","10","[[6 3 5] [0 14 -8] [4 -11 0] [3 12 -7] [7 -7 7] [1 -6 -17] [5 -6 -17] [2 1 -10] [8 -11 -13]]","[[6 416] [0 190] [4 196] [3 133] [7 309] [1 46] [5 40] [2 176] [8 175]]","[[6 10] [0 10] [4 10] [3 10] [7 10] [1 10] [5 10] [2 10] [8 10]]"
"449","plane","9","moving-only","10","10","[[8 1 1] [5 6 8] [3 9 -4] [1 0 -2] [7 -1 -14] [4 14 -4] [2 0 -13] [6 -10 -1] [0 -6 10]]","[[8 62] [5 312] [3 96] [1 68] [7 190] [4 231] [2 126] [6 288] [0 308]]","[[8 10] [5 10] [3 10] [1 10] [7 10] [4 10] [2 10] [6 10] [0 10]]"
"450","plane","9","moving-only","10","10","[[7 10 -13] [6 7 0] [5 -6 10] [8 -2 16] [3 -11 -10] [4 10 -13] [2 15 11] [1 13 10] [0 -11 -11]]","[[7 148] [6 239] [5 329] [8 148] [3 210] [4 156] [2 132] [1 122] [0 197]]","[[7 10] [6 10] [5 10] [8 10] [3 10] [4 10] [2 10] [1 10] [0 10]]"
"451","plane","9","moving-only","10","10","[[7 -10 10] [2 -13 -10] [8 4 -11] [0 -12 -10] [1 -1 13] [6 -3 14] [4 4 -10] [3 -11 1] [5 6 7]]","[[7 198] [2 134] [8 250] [0 129] [1 109] [6 77] [4 202] [3 183] [5 399]]","[[7 10] [2 10] [8 10] [0 10] [1 10] [6 10] [4 10] [3 10] [5 10]]"
"452","plane","9","moving-only","10","10","[[5 -11 -11] [6 -12 12] [3 13 11] [0 2 10] [7 0 2] [2 -12 -10] [8 14 11] [4 -12 5] [1 5 -7]]","[[5 177] [6 192] [3 116] [0 172] [7 134] [2 146] [8 156] [4 157] [1 431]]","[[5 10] [6 10] [3 10] [0 10] [7 10] [2 10] [8 10] [4 10] [1 10]]"
"453","plane","9","moving-only","10","10","[[6 11 7] [0 3 -2] [3 11 -10] [7 1 11] [2 5 -12] [5 -6 -5] [1 -13 0] [8 -9 9] [4 3 13]]","[[6 259] [0 122] [3 219] [7 88] [2 173] [5 252] [1 192] [8 247] [4 129]]","[[6 10] [0 10] [3 10] [7 10] [2 10] [5 10] [1 10] [8 10] [4 10]]"
"454","plane","9","moving-only","10","10","[[6 -12 6] [2 4 -4] [1 0 15] [0 1 15] [8 16 9] [5 -10 -18] [7 -7 -11] [4 12 7] [3 -13 7]]","[[6 161] [2 425] [1 122] [0 108] [8 153] [5 145] [7 228] [4 157] [3 182]]","[[6 10] [2 10] [1 10] [0 10] [8 10] [5 10] [7 10] [4 10] [3 10]]"
"455","plane","9","moving-only","10","10","[[5 9 11] [1 12 -12] [6 -1 -10] [8 -9 -9] [4 -12 -1] [0 13 2] [3 12 -11] [2 3 10] [7 -6 7]]","[[5 194] [1 141] [6 201] [8 222] [4 184] [0 185] [3 105] [2 157] [7 292]]","[[5 10] [1 10] [6 10] [8 10] [4 10] [0 10] [3 10] [2 10] [7 10]]"
"456","plane","9","moving-only","10","10","[[8 -6 -8] [1 -7 -1] [5 11 7] [7 15 -10] [2 -9 10] [6 5 -10] [3 6 9] [4 15 -10] [0 -14 7]]","[[8 300] [1 149] [5 244] [7 107] [2 199] [6 205] [3 210] [4 102] [0 165]]","[[8 10] [1 10] [5 10] [7 10] [2 10] [6 10] [3 10] [4 10] [0 10]]"
"457","plane","9","moving-only","10","10","[[1 -10 -2] [4 2 -9] [0 -11 11] [3 9 4] [6 -12 0] [2 2 11] [5 -10 -9] [7 -16 7] [8 2 10]]","[[1 79] [4 390] [0 181] [3 344] [6 91] [2 183] [5 243] [7 88] [8 82]]","[[1 10] [4 10] [0 10] [3 10] [6 10] [2 10] [5 10] [7 10] [8 10]]"
"461","plane","9","pricing-only","10","10","[[8 11 2] [7 2 -16] [5 5 15] [2 16 -20] [3 -7 4] [0 13 -15] [4 7 5] [6 11 -11] [1 1 -7]]","[[8 200] [7 177] [5 236] [2 28] [3 348] [0 88] [4 195] [6 125] [1 284]]","[[8 3] [7 6] [5 6] [2 4] [3 9] [0 3] [4 3] [6 3] [1 5]]"
"458","plane","9","moving-only","10","10","[[2 -11 10] [4 11 10] [8 8 -8] [6 -13 6] [7 2 -13] [5 -3 12] [3 -9 -8] [0 5 11] [1 -2 -1]]","[[2 151] [4 252] [8 295] [6 141] [7 171] [5 129] [3 286] [0 120] [1 136]]","[[2 10] [4 10] [8 10] [6 10] [7 10] [5 10] [3 10] [0 10] [1 10]]"
"462","plane","9","pricing-only","10","10","[[2 -14 10] [8 -13 -2] [4 -19 -18] [5 1 -17] [3 -11 -5] [7 -18 -2] [6 -15 -16] [0 9 -17] [1 -10 -18]]","[[2 317] [8 460] [4 19] [5 193] [3 163] [7 47] [6 95] [0 355] [1 32]]","[[2 6] [8 1] [4 3] [5 3] [3 2] [7 3] [6 2] [0 5] [1 5]]"
"460","plane","9","moving-only","10","10","[[0 10 3] [8 11 -10] [7 -11 -9] [4 -10 2] [3 -2 -10] [6 7 12] [1 -13 -5] [5 -9 7] [2 7 13]]","[[0 227] [8 275] [7 173] [4 118] [3 210] [6 93] [1 99] [5 294] [2 192]]","[[0 10] [8 10] [7 10] [4 10] [3 10] [6 10] [1 10] [5 10] [2 10]]"
"463","plane","9","pricing-only","10","10","[[1 5 -7] [2 -3 7] [0 6 16] [5 -16 -16] [6 13 17] [3 -2 18] [4 3 8] [7 -18 -19] [8 -18 18]]","[[1 338] [2 231] [0 91] [5 292] [6 131] [3 109] [4 295] [7 91] [8 103]]","[[1 11] [2 6] [0 4] [5 3] [6 6] [3 5] [4 4] [7 1] [8 9]]"
"459","plane","9","moving-only","10","10","[[0 1 12] [7 10 12] [8 -7 -10] [6 13 -2] [1 -13 12] [3 -12 12] [4 -10 -5] [2 3 14] [5 5 -10]]","[[0 144] [7 211] [8 228] [6 241] [1 142] [3 118] [4 237] [2 77] [5 283]]","[[0 10] [7 10] [8 10] [6 10] [1 10] [3 10] [4 10] [2 10] [5 10]]"
"464","plane","9","pricing-only","10","10","[[2 -3 -20] [4 10 -10] [8 12 5] [3 -15 -5] [7 15 5] [5 -6 -13] [1 -9 12] [6 -17 -12] [0 -13 -7]]","[[2 103] [4 196] [8 290] [3 161] [7 267] [5 155] [1 237] [6 76] [0 196]]","[[2 4] [4 9] [8 4] [3 3] [7 3] [5 4] [1 11] [6 5] [0 2]]"
"465","plane","9","pricing-only","10","10","[[6 12 13] [7 -12 -18] [5 10 16] [0 -4 -12] [1 7 12] [3 -8 -5] [8 9 -19] [2 4 14] [4 19 6]]","[[6 159] [7 109] [5 45] [0 264] [1 171] [3 301] [8 169] [2 317] [4 146]]","[[6 2] [7 9] [5 3] [0 6] [1 3] [3 8] [8 10] [2 4] [4 6]]"
"466","plane","9","pricing-only","10","10","[[0 10 -12] [3 -6 -13] [7 -19 -18] [4 -5 6] [1 12 -8] [8 12 12] [6 14 16] [2 8 -18] [5 0 -1]]","[[0 148] [3 206] [7 104] [4 310] [1 154] [8 279] [6 103] [2 87] [5 290]]","[[0 3] [3 6] [7 7] [4 9] [1 4] [8 3] [6 3] [2 4] [5 4]]"
"467","plane","9","pricing-only","10","10","[[7 8 1] [5 19 1] [3 19 2] [1 11 -19] [2 -18 -1] [4 -19 17] [8 17 -15] [6 6 -8] [0 -18 -18]]","[[7 339] [5 339] [3 13] [1 115] [2 244] [4 152] [8 75] [6 262] [0 142]]","[[7 6] [5 1] [3 2] [1 5] [2 10] [4 13] [8 6] [6 6] [0 10]]"
"468","plane","9","pricing-only","10","10","[[4 -7 1] [3 17 5] [0 -2 -8] [1 5 14] [2 -9 8] [8 10 -5] [5 13 1] [7 18 5] [6 -16 -16]]","[[4 259] [3 157] [0 246] [1 160] [2 262] [8 231] [5 156] [7 82] [6 128]]","[[4 6] [3 1] [0 7] [1 8] [2 8] [8 6] [5 3] [7 1] [6 11]]"
"470","plane","9","pricing-only","10","10","[[8 19 -8] [2 -7 -5] [4 -6 7] [1 17 -3] [3 9 20] [5 -13 -5] [7 7 -6] [6 -5 13] [0 12 7]]","[[8 116] [2 242] [4 261] [1 97] [3 105] [5 220] [7 240] [6 205] [0 195]]","[[8 6] [2 5] [4 4] [1 5] [3 7] [5 6] [7 6] [6 5] [0 6]]"
"469","plane","9","pricing-only","10","10","[[4 10 1] [2 -2 6] [1 18 -11] [0 -3 12] [3 18 20] [5 -10 -15] [6 -8 -20] [8 -6 5] [7 13 17]]","[[4 258] [2 182] [1 149] [0 192] [3 67] [5 253] [6 164] [8 278] [7 138]]","[[4 7] [2 4] [1 11] [0 6] [3 3] [5 5] [6 4] [8 5] [7 5]]"
"471","plane","9","pricing-only","10","10","[[4 -7 3] [2 -10 11] [0 -2 -14] [3 3 -20] [5 -4 3] [7 -4 12] [6 19 -8] [1 -1 10] [8 20 16]]","[[4 209] [2 169] [0 298] [3 131] [5 231] [7 142] [6 181] [1 201] [8 119]]","[[4 4] [2 5] [0 6] [3 6] [5 3] [7 3] [6 10] [1 4] [8 10]]"
"472","plane","9","pricing-only","10","10","[[3 13 -11] [4 -15 -13] [8 7 13] [6 11 1] [7 10 3] [5 18 1] [1 -5 -15] [0 -15 17] [2 2 -14]]","[[3 117] [4 199] [8 271] [6 137] [7 314] [5 112] [1 228] [0 160] [2 143]]","[[3 9] [4 9] [8 6] [6 2] [7 2] [5 3] [1 5] [0 15] [2 6]]"
"474","plane","9","pricing-only","10","10","[[8 12 1] [7 -11 0] [0 10 -16] [1 20 -19] [6 -17 20] [2 -17 9] [5 7 17] [3 -9 -9] [4 -5 12]]","[[8 287] [7 274] [0 201] [1 81] [6 66] [2 100] [5 195] [3 279] [4 198]]","[[8 10] [7 6] [0 9] [1 7] [6 7] [2 7] [5 10] [3 9] [4 8]]"
"475","plane","9","pricing-only","10","10","[[5 5 -4] [4 -12 -12] [1 -7 11] [8 -2 -5] [2 2 16] [6 -11 -19] [3 -14 -18] [7 13 -17] [0 2 12]]","[[5 281] [4 171] [1 235] [8 231] [2 198] [6 87] [3 62] [7 134] [0 282]]","[[5 6] [4 6] [1 8] [8 5] [2 3] [6 5] [3 5] [7 11] [0 3]]"
"476","plane","9","pricing-only","10","10","[[6 -19 9] [2 5 17] [5 -15 -17] [0 0 -6] [8 -10 -13] [3 15 7] [4 15 -16] [7 15 -1] [1 1 3]]","[[6 160] [2 208] [5 123] [0 267] [8 217] [3 149] [4 119] [7 158] [1 280]]","[[6 13] [2 8] [5 4] [0 5] [8 5] [3 8] [4 11] [7 7] [1 6]]"
"473","plane","9","pricing-only","10","10","[[4 2 13] [1 1 -16] [6 11 8] [0 -19 -2] [7 -5 -9] [2 -3 -2] [3 6 -5] [8 9 0] [5 12 9]]","[[4 201] [1 193] [6 241] [0 214] [7 189] [2 208] [3 175] [8 152] [5 108]]","[[4 8] [1 5] [6 1] [0 8] [7 6] [2 5] [3 4] [8 3] [5 2]]"
"478","plane","9","pricing-only","10","10","[[3 -10 -6] [5 15 13] [6 17 -6] [4 19 11] [0 -18 -5] [7 -2 -19] [8 -17 -19] [1 3 -19] [2 -6 17]]","[[3 320] [5 276] [6 182] [4 126] [0 188] [7 113] [8 51] [1 203] [2 222]]","[[3 5] [5 4] [6 8] [4 3] [0 5] [7 4] [8 9] [1 4] [2 11]]"
"477","plane","9","pricing-only","10","10","[[1 -18 5] [7 7 -4] [2 -20 3] [0 12 11] [8 -8 -9] [4 19 4] [6 -10 -4] [5 5 -17] [3 1 -8]]","[[1 246] [7 280] [2 113] [0 225] [8 155] [4 145] [6 220] [5 130] [3 167]]","[[1 3] [7 4] [2 1] [0 9] [8 5] [4 5] [6 3] [5 7] [3 3]]"
"479","plane","9","pricing-only","10","10","[[6 -11 -20] [3 6 -3] [2 -5 -15] [8 2 -10] [1 18 -20] [7 -20 14] [5 15 -17] [0 -6 15] [4 15 8]]","[[6 135] [3 281] [2 228] [8 202] [1 47] [7 154] [5 153] [0 290] [4 191]]","[[6 4] [3 6] [2 4] [8 4] [1 1] [7 9] [5 3] [0 9] [4 13]]"
"480","plane","9","pricing-only","10","10","[[2 -12 -16] [6 -12 9] [0 -11 -15] [8 -2 -19] [5 -6 -15] [7 -4 -12] [4 -12 6] [1 -5 -3] [3 6 5]]","[[2 94] [6 326] [0 86] [8 154] [5 50] [7 206] [4 144] [1 260] [3 361]]","[[2 2] [6 3] [0 2] [8 4] [5 2] [7 3] [4 3] [1 3] [3 11]]"
"481","plane","10","normal","10","10","[[2 -10 11] [5 12 12] [3 -10 9] [8 12 -12] [9 11 5] [1 -15 -6] [0 11 -8] [7 -11 -10] [4 0 -9] [6 3 10]]","[[2 207] [5 147] [3 221] [8 94] [9 134] [1 113] [0 233] [7 199] [4 175] [6 158]]","[[2 1] [5 7] [3 1] [8 7] [9 6] [1 5] [0 4] [7 5] [4 6] [6 5]]"
"482","plane","10","normal","10","10","[[3 -4 -12] [9 13 -10] [7 7 12] [4 2 -2] [2 -14 -14] [5 9 -12] [0 -12 11] [8 -12 5] [1 -11 -11] [6 8 12]]","[[3 149] [9 190] [7 203] [4 155] [2 102] [5 123] [0 158] [8 193] [1 150] [6 258]]","[[3 5] [9 6] [7 3] [4 6] [2 5] [5 6] [0 8] [8 6] [1 4] [6 3]]"
"483","plane","10","normal","10","10","[[5 -11 2] [9 13 -12] [4 1 15] [2 -15 -15] [0 -11 -3] [6 2 -12] [1 0 14] [7 8 6] [8 2 -13] [3 -17 -14]]","[[5 178] [9 162] [4 195] [2 121] [0 146] [6 222] [1 258] [7 201] [8 157] [3 41]]","[[5 5] [9 7] [4 2] [2 3] [0 4] [6 1] [1 2] [7 7] [8 1] [3 4]]"
"484","plane","10","normal","10","10","[[7 2 6] [2 11 -11] [4 -12 1] [6 -10 9] [0 -8 -12] [8 11 -10] [1 14 11] [5 4 14] [3 -10 -11] [9 14 10]]","[[7 176] [2 391] [4 153] [6 173] [0 194] [8 7] [1 113] [5 149] [3 216] [9 109]]","[[7 5] [2 1] [4 6] [6 9] [0 1] [8 2] [1 5] [5 6] [3 1] [9 5]]"
"485","plane","10","normal","10","10","[[2 -11 -11] [7 -3 -11] [4 -12 10] [5 9 -10] [9 -2 9] [8 10 5] [1 -13 13] [6 11 11] [0 -10 -2] [3 15 -11]]","[[2 185] [7 189] [4 192] [5 200] [9 190] [8 199] [1 82] [6 173] [0 147] [3 124]]","[[2 6] [7 5] [4 4] [5 5] [9 6] [8 6] [1 6] [6 8] [0 6] [3 7]]"
"486","plane","10","normal","10","10","[[9 12 1] [5 13 13] [1 -10 -9] [3 9 -12] [0 7 12] [7 -11 13] [8 9 -12] [6 -12 11] [2 -13 -9] [4 -1 3]]","[[9 146] [5 127] [1 198] [3 198] [0 153] [7 158] [8 210] [6 162] [2 146] [4 183]]","[[9 6] [5 7] [1 5] [3 1] [0 6] [7 5] [8 1] [6 5] [2 6] [4 5]]"
"487","plane","10","normal","10","10","[[4 2 9] [0 15 12] [8 7 -19] [6 -16 4] [7 4 11] [1 -1 -3] [5 -12 11] [9 4 -8] [3 12 -4] [2 6 17]]","[[4 173] [0 129] [8 127] [6 193] [7 108] [1 314] [5 138] [9 225] [3 173] [2 101]]","[[4 2] [0 6] [8 6] [6 6] [7 2] [1 3] [5 8] [9 3] [3 6] [2 3]]"
"488","plane","10","normal","10","10","[[1 12 -15] [7 -9 -12] [4 8 2] [9 14 12] [0 -6 11] [3 11 -12] [6 -8 -14] [5 -11 -1] [2 1 14] [8 5 5]]","[[1 95] [7 209] [4 157] [9 135] [0 203] [3 211] [6 162] [5 188] [2 146] [8 175]]","[[1 5] [7 3] [4 5] [9 9] [0 8] [3 4] [6 3] [5 7] [2 6] [8 4]]"
"489","plane","10","normal","10","10","[[5 -13 15] [9 -13 -9] [2 -6 11] [1 -13 -9] [4 9 -6] [8 7 9] [6 8 13] [7 0 -16] [3 -14 9] [0 -1 -4]]","[[5 97] [9 196] [2 130] [1 168] [4 222] [8 265] [6 174] [7 164] [3 131] [0 134]]","[[5 6] [9 1] [2 6] [1 1] [4 9] [8 4] [6 5] [7 7] [3 5] [0 6]]"
"491","plane","10","normal","10","10","[[7 10 -13] [3 -13 -8] [2 11 -8] [1 -5 5] [5 -12 11] [4 13 14] [6 -2 12] [0 -11 -12] [9 4 -1] [8 14 10]]","[[7 156] [3 200] [2 216] [1 181] [5 144] [4 118] [6 152] [0 187] [9 164] [8 163]]","[[7 6] [3 5] [2 4] [1 5] [5 10] [4 6] [6 7] [0 6] [9 5] [8 5]]"
"490","plane","10","normal","10","10","[[7 10 7] [3 -11 -11] [8 13 8] [1 -5 -12] [9 11 -12] [6 -15 5] [2 -8 9] [0 -10 14] [5 12 -12] [4 -4 5]]","[[7 160] [3 120] [8 213] [1 235] [9 184] [6 116] [2 199] [0 108] [5 171] [4 175]]","[[7 4] [3 8] [8 4] [1 4] [9 2] [6 6] [2 2] [0 5] [5 2] [4 3]]"
"492","plane","10","normal","10","10","[[2 -8 3] [3 15 7] [0 -5 -14] [5 10 7] [6 12 -15] [9 12 -6] [7 -4 14] [8 -13 4] [4 13 -13] [1 -1 -12]]","[[2 242] [3 165] [0 160] [5 210] [6 111] [9 133] [7 182] [8 190] [4 96] [1 192]]","[[2 4] [3 4] [0 7] [5 4] [6 2] [9 4] [7 7] [8 6] [4 2] [1 4]]"
"493","plane","10","normal","10","10","[[7 14 -11] [1 9 4] [9 -14 -11] [2 -8 11] [0 3 -11] [5 -3 -10] [8 11 11] [3 -9 -4] [4 -11 11] [6 16 -10]]","[[7 148] [1 239] [9 149] [2 198] [0 159] [5 116] [8 164] [3 194] [4 194] [6 120]]","[[7 2] [1 5] [9 7] [2 5] [0 4] [5 5] [8 9] [3 5] [4 5] [6 2]]"
"495","plane","10","normal","10","10","[[0 -10 6] [6 10 -4] [8 -11 4] [2 -13 -11] [9 -1 16] [4 5 13] [1 -5 -12] [5 11 -9] [7 11 10] [3 3 -13]]","[[0 150] [6 148] [8 297] [2 124] [9 95] [4 183] [1 150] [5 195] [7 182] [3 157]]","[[0 3] [6 5] [8 2] [2 8] [9 5] [4 3] [1 5] [5 4] [7 5] [3 4]]"
"496","plane","10","normal","10","10","[[9 1 1] [5 10 -8] [4 -1 -13] [6 10 12] [1 -6 2] [0 -12 11] [8 13 12] [2 -11 -10] [7 10 -6] [3 -12 11]]","[[9 116] [5 254] [4 125] [6 129] [1 183] [0 182] [8 135] [2 179] [7 202] [3 176]]","[[9 4] [5 1] [4 7] [6 6] [1 3] [0 1] [8 6] [2 9] [7 1] [3 1]]"
"494","plane","10","normal","10","10","[[2 -2 15] [7 -13 12] [5 -13 7] [3 -14 -10] [0 10 -11] [6 13 6] [8 -5 3] [9 0 -11] [4 -14 -11] [1 8 6]]","[[2 115] [7 100] [5 174] [3 154] [0 199] [6 184] [8 116] [9 177] [4 166] [1 296]]","[[2 8] [7 7] [5 4] [3 2] [0 10] [6 6] [8 6] [9 7] [4 2] [1 4]]"
"497","plane","10","normal","10","10","[[3 -13 -3] [7 13 7] [8 12 -9] [0 -10 11] [6 1 0] [5 -12 13] [4 -3 -10] [9 -3 11] [1 -9 -9] [2 13 7]]","[[3 184] [7 211] [8 174] [0 164] [6 149] [5 117] [4 188] [9 139] [1 144] [2 211]]","[[3 5] [7 1] [8 11] [0 2] [6 5] [5 3] [4 7] [9 4] [1 7] [2 1]]"
"498","plane","10","normal","10","10","[[5 1 -6] [6 10 11] [1 -12 -12] [8 11 -11] [7 -12 15] [0 -10 11] [4 -12 -11] [3 2 -3] [9 -13 3] [2 10 10]]","[[5 168] [6 221] [1 5] [8 182] [7 85] [0 194] [4 333] [3 159] [9 102] [2 232]]","[[5 3] [6 1] [1 2] [8 9] [7 6] [0 4] [4 1] [3 3] [9 6] [2 1]]"
"501","plane","10","moving-only","10","10","[[8 -1 -14] [2 12 -6] [1 -9 13] [5 -1 1] [7 -7 -8] [3 -12 9] [4 14 13] [9 7 -13] [6 6 11] [0 14 8]]","[[8 133] [2 193] [1 169] [5 157] [7 289] [3 191] [4 115] [9 166] [6 155] [0 113]]","[[8 10] [2 10] [1 10] [5 10] [7 10] [3 10] [4 10] [9 10] [6 10] [0 10]]"
"502","plane","10","moving-only","10","10","[[3 -9 -13] [5 -14 3] [6 7 -12] [7 13 13] [9 -14 3] [2 5 -18] [1 5 1] [0 14 13] [4 11 -6] [8 -4 12]]","[[3 283] [5 134] [6 134] [7 120] [9 134] [2 104] [1 187] [0 124] [4 186] [8 275]]","[[3 10] [5 10] [6 10] [7 10] [9 10] [2 10] [1 10] [0 10] [4 10] [8 10]]"
"503","plane","10","moving-only","10","10","[[9 14 14] [7 8 -5] [0 -3 12] [4 12 0] [6 -11 1] [8 -9 -10] [5 -7 -10] [2 -11 12] [3 13 14] [1 0 11]]","[[9 98] [7 329] [0 91] [4 179] [6 200] [8 190] [5 172] [2 189] [3 97] [1 136]]","[[9 10] [7 10] [0 10] [4 10] [6 10] [8 10] [5 10] [2 10] [3 10] [1 10]]"
"504","plane","10","moving-only","10","10","[[8 3 -12] [2 10 -2] [9 -3 18] [3 -11 -13] [1 8 -10] [5 -8 9] [0 9 7] [4 -8 -15] [7 -4 -5] [6 -13 -3]]","[[8 114] [2 167] [9 150] [3 127] [1 192] [5 254] [0 304] [4 86] [7 127] [6 160]]","[[8 10] [2 10] [9 10] [3 10] [1 10] [5 10] [0 10] [4 10] [7 10] [6 10]]"
"499","plane","10","normal","10","10","[[1 4 12] [7 12 -11] [9 -1 3] [0 -12 -3] [6 2 -10] [5 -11 -11] [8 14 9] [3 15 -11] [2 7 10] [4 -13 11]]","[[1 170] [7 222] [9 184] [0 183] [6 137] [5 197] [8 190] [3 101] [2 134] [4 163]]","[[1 4] [7 3] [9 5] [0 7] [6 7] [5 8] [8 4] [3 4] [2 3] [4 11]]"
"500","plane","10","normal","10","10","[[3 -11 11] [0 -11 1] [2 -7 -10] [8 -11 -11] [5 12 -11] [4 1 -3] [9 -16 14] [7 8 11] [1 12 -11] [6 7 11]]","[[3 183] [0 127] [2 154] [8 168] [5 192] [4 127] [9 74] [7 5] [1 189] [6 462]]","[[3 5] [0 7] [2 5] [8 6] [5 1] [4 5] [9 7] [7 2] [1 1] [6 1]]"
"506","plane","10","moving-only","10","10","[[6 4 11] [9 -13 10] [0 -11 -5] [4 -10 -6] [2 14 12] [8 13 11] [5 10 -5] [7 -1 10] [3 -13 5] [1 10 -5]]","[[6 131] [9 174] [0 117] [4 308] [2 118] [8 99] [5 226] [7 161] [3 115] [1 232]]","[[6 10] [9 10] [0 10] [4 10] [2 10] [8 10] [5 10] [7 10] [3 10] [1 10]]"
"505","plane","10","moving-only","10","10","[[5 12 -10] [1 1 -10] [3 -13 -12] [6 -13 8] [7 10 10] [9 11 10] [0 -9 11] [4 -10 0] [8 -11 -12] [2 12 -9]]","[[5 154] [1 217] [3 136] [6 135] [7 196] [9 200] [0 217] [4 180] [8 103] [2 143]]","[[5 10] [1 10] [3 10] [6 10] [7 10] [9 10] [0 10] [4 10] [8 10] [2 10]]"
"507","plane","10","moving-only","10","10","[[8 -5 12] [6 -1 -5] [7 12 -10] [1 10 11] [5 -12 1] [2 10 12] [3 -13 12] [9 -13 7] [0 11 -11] [4 -7 -9]]","[[8 181] [6 168] [7 181] [1 183] [5 148] [2 162] [3 126] [9 75] [0 166] [4 291]]","[[8 10] [6 10] [7 10] [1 10] [5 10] [2 10] [3 10] [9 10] [0 10] [4 10]]"
"508","plane","10","moving-only","10","10","[[3 11 8] [8 -11 -6] [2 12 5] [6 2 -10] [9 9 -10] [4 -1 9] [7 -13 13] [1 -14 12] [5 -13 -9] [0 13 -8]]","[[3 207] [8 161] [2 134] [6 204] [9 124] [4 238] [7 118] [1 130] [5 202] [0 163]]","[[3 10] [8 10] [2 10] [6 10] [9 10] [4 10] [7 10] [1 10] [5 10] [0 10]]"
"509","plane","10","moving-only","10","10","[[0 -8 -14] [5 13 10] [8 11 2] [9 -16 5] [3 -16 5] [2 -5 -3] [4 -11 10] [1 9 -5] [6 5 12] [7 -8 -13]]","[[0 175] [5 166] [8 133] [9 79] [3 67] [2 179] [4 225] [1 328] [6 198] [7 131]]","[[0 10] [5 10] [8 10] [9 10] [3 10] [2 10] [4 10] [1 10] [6 10] [7 10]]"
"510","plane","10","moving-only","10","10","[[7 -3 0] [1 -14 11] [0 -11 -5] [6 -14 -14] [4 7 -10] [3 -12 -15] [8 0 11] [9 9 7] [5 11 -4] [2 -13 10]]","[[7 142] [1 142] [0 164] [6 89] [4 269] [3 118] [8 191] [9 276] [5 183] [2 107]]","[[7 10] [1 10] [0 10] [6 10] [4 10] [3 10] [8 10] [9 10] [5 10] [2 10]]"
"512","plane","10","moving-only","10","10","[[2 -5 -3] [4 2 -12] [0 4 -14] [6 -3 10] [3 10 -1] [7 -11 10] [8 -12 -4] [9 -13 -7] [5 12 13] [1 12 13]]","[[2 124] [4 128] [0 197] [6 189] [3 271] [7 233] [8 94] [9 203] [5 128] [1 114]]","[[2 10] [4 10] [0 10] [6 10] [3 10] [7 10] [8 10] [9 10] [5 10] [1 10]]"
"513","plane","10","moving-only","10","10","[[2 -6 -12] [4 -13 0] [1 9 9] [3 0 -9] [6 13 -11] [5 -13 -9] [7 -3 1] [8 -11 10] [0 -9 -18] [9 12 -12]]","[[2 72] [4 125] [1 401] [3 136] [6 166] [5 125] [7 150] [8 282] [0 98] [9 126]]","[[2 10] [4 10] [1 10] [3 10] [6 10] [5 10] [7 10] [8 10] [0 10] [9 10]]"
"511","plane","10","moving-only","10","10","[[6 11 8] [4 -6 -2] [7 -11 -15] [2 -8 13] [3 9 -13] [8 10 7] [0 3 -11] [1 -1 -11] [9 -6 12] [5 -12 2]]","[[6 244] [4 137] [7 199] [2 165] [3 247] [8 172] [0 92] [1 99] [9 146] [5 180]]","[[6 10] [4 10] [7 10] [2 10] [3 10] [8 10] [0 10] [1 10] [9 10] [5 10]]"
"514","plane","10","moving-only","10","10","[[2 -3 6] [7 8 3] [3 -9 -12] [4 -12 1] [0 -9 9] [1 0 -10] [5 -1 -7] [8 12 -14] [6 3 13] [9 11 -14]]","[[2 92] [7 278] [3 232] [4 174] [0 222] [1 106] [5 90] [8 147] [6 244] [9 96]]","[[2 10] [7 10] [3 10] [4 10] [0 10] [1 10] [5 10] [8 10] [6 10] [9 10]]"
"515","plane","10","moving-only","10","10","[[1 -14 8] [7 -10 -7] [9 -11 -3] [0 -12 13] [4 1 -10] [2 -7 4] [6 10 -12] [8 8 8] [3 0 10] [5 10 3]]","[[1 97] [7 223] [9 104] [0 150] [4 195] [2 98] [6 246] [8 215] [3 158] [5 195]]","[[1 10] [7 10] [9 10] [0 10] [4 10] [2 10] [6 10] [8 10] [3 10] [5 10]]"
"516","plane","10","moving-only","10","10","[[7 -8 8] [3 4 -11] [2 8 -9] [0 10 12] [1 -14 -15] [4 -14 -14] [6 4 0] [8 10 12] [9 -10 5] [5 -12 -4]]","[[7 260] [3 178] [2 255] [0 159] [1 99] [4 84] [6 179] [8 172] [9 131] [5 164]]","[[7 10] [3 10] [2 10] [0 10] [1 10] [4 10] [6 10] [8 10] [9 10] [5 10]]"
"517","plane","10","moving-only","10","10","[[7 -11 -12] [1 -10 -7] [3 11 11] [6 -8 9] [5 -15 5] [0 0 13] [4 9 -12] [9 10 5] [8 10 -12] [2 0 13]]","[[7 214] [1 180] [3 189] [6 190] [5 168] [0 69] [4 170] [9 218] [8 187] [2 96]]","[[7 10] [1 10] [3 10] [6 10] [5 10] [0 10] [4 10] [9 10] [8 10] [2 10]]"
"518","plane","10","moving-only","10","10","[[8 -2 -13] [0 -12 14] [5 11 -14] [9 -14 12] [3 -10 6] [2 11 -1] [1 12 -11] [6 -1 0] [7 10 11] [4 -9 -9]]","[[8 160] [0 142] [5 122] [9 87] [3 168] [2 172] [1 111] [6 152] [7 306] [4 261]]","[[8 10] [0 10] [5 10] [9 10] [3 10] [2 10] [1 10] [6 10] [7 10] [4 10]]"
"521","plane","10","pricing-only","10","10","[[9 -15 -9] [8 -7 -1] [5 -13 -3] [1 -4 -5] [7 5 -19] [3 -12 -14] [6 3 20] [4 -1 -9] [0 19 6] [2 -14 11]]","[[9 84] [8 201] [5 114] [1 201] [7 173] [3 112] [6 196] [4 240] [0 213] [2 147]]","[[9 4] [8 3] [5 4] [1 2] [7 6] [3 5] [6 9] [4 3] [0 10] [2 11]]"
"519","plane","10","moving-only","10","10","[[3 14 9] [5 -12 6] [0 10 -11] [1 -8 -11] [2 -12 6] [8 7 -9] [6 10 12] [7 3 6] [4 14 -4] [9 -8 -11]]","[[3 132] [5 198] [0 171] [1 184] [2 179] [8 132] [6 163] [7 213] [4 138] [9 171]]","[[3 10] [5 10] [0 10] [1 10] [2 10] [8 10] [6 10] [7 10] [4 10] [9 10]]"
"520","plane","10","moving-only","10","10","[[6 -12 6] [9 10 5] [0 -6 12] [8 15 -14] [5 -15 -13] [3 9 6] [7 -10 -5] [4 -2 -9] [2 -15 -14] [1 11 -10]]","[[6 200] [9 177] [0 252] [8 124] [5 70] [3 239] [7 138] [4 211] [2 99] [1 171]]","[[6 10] [9 10] [0 10] [8 10] [5 10] [3 10] [7 10] [4 10] [2 10] [1 10]]"
"522","plane","10","pricing-only","10","10","[[7 15 12] [2 7 0] [4 -13 -6] [3 -11 6] [8 12 12] [1 4 -8] [9 13 -13] [0 17 9] [6 -19 1] [5 17 20]]","[[7 112] [2 217] [4 241] [3 263] [8 178] [1 234] [9 154] [0 90] [6 161] [5 31]]","[[7 1] [2 5] [4 8] [3 7] [8 3] [1 7] [9 10] [0 3] [6 4] [5 3]]"
"523","plane","10","pricing-only","10","10","[[1 5 -1] [4 17 -6] [6 7 1] [0 -15 20] [3 2 15] [8 9 -8] [2 -19 -17] [9 -20 17] [5 -16 -7] [7 8 -13]]","[[1 178] [4 127] [6 219] [0 123] [3 237] [8 179] [2 98] [9 117] [5 208] [7 195]]","[[1 4] [4 4] [6 4] [0 4] [3 7] [8 2] [2 8] [9 4] [5 8] [7 4]]"
"524","plane","10","pricing-only","10","10","[[4 -20 3] [8 -2 18] [7 3 -10] [6 3 8] [0 7 -12] [9 -16 -3] [3 -1 18] [2 6 12] [5 12 -20] [1 8 0]]","[[4 132] [8 7] [7 267] [6 162] [0 162] [9 222] [3 277] [2 180] [5 85] [1 187]]","[[4 6] [8 2] [7 5] [6 4] [0 5] [9 8] [3 1] [2 5] [5 6] [1 6]]"
"525","plane","10","pricing-only","10","10","[[4 8 10] [5 -3 -1] [6 10 -16] [9 15 7] [3 11 12] [2 -15 -12] [8 1 20] [0 -20 -10] [7 -15 8] [1 0 2]]","[[4 133] [5 237] [6 189] [9 177] [3 116] [2 184] [8 111] [0 93] [7 189] [1 252]]","[[4 3] [5 4] [6 12] [9 5] [3 4] [2 6] [8 6] [0 5] [7 9] [1 3]]"
"527","plane","10","pricing-only","10","10","[[3 14 16] [1 5 -3] [9 -1 -20] [0 -8 -11] [2 16 16] [8 -4 -13] [6 -4 15] [7 0 9] [4 -5 20] [5 -19 -8]]","[[3 148] [1 290] [9 147] [0 234] [2 119] [8 126] [6 221] [7 176] [4 91] [5 129]]","[[3 2] [1 6] [9 4] [0 3] [2 2] [8 3] [6 3] [7 4] [4 3] [5 6]]"
"526","plane","10","pricing-only","10","10","[[5 -4 -9] [8 17 -6] [2 -18 16] [0 12 17] [7 19 -16] [1 -18 0] [3 -18 -3] [4 20 -15] [9 13 5] [6 7 -4]]","[[5 228] [8 76] [2 164] [0 179] [7 86] [1 196] [3 182] [4 87] [9 247] [6 236]]","[[5 8] [8 5] [2 9] [0 8] [7 2] [1 5] [3 5] [4 1] [9 5] [6 5]]"
"528","plane","10","pricing-only","10","10","[[1 -2 -11] [5 -13 -4] [4 18 -4] [9 14 -11] [3 -13 6] [8 16 16] [0 1 -1] [2 -11 -14] [7 2 7] [6 -5 9]]","[[1 172] [5 132] [4 163] [9 147] [3 168] [8 115] [0 160] [2 166] [7 235] [6 223]]","[[1 8] [5 8] [4 7] [9 10] [3 7] [8 11] [0 6] [2 8] [7 5] [6 5]]"
"529","plane","10","pricing-only","10","10","[[1 11 -3] [0 2 2] [7 18 -13] [4 -17 -14] [3 -15 -1] [9 10 6] [6 11 18] [5 19 -2] [8 -5 11] [2 -18 10]]","[[1 215] [0 262] [7 146] [4 170] [3 189] [9 178] [6 124] [5 77] [8 194] [2 126]]","[[1 5] [0 5] [7 7] [4 11] [3 8] [9 5] [6 8] [5 5] [8 8] [2 9]]"
"530","plane","10","pricing-only","10","10","[[1 -4 -1] [0 20 2] [6 12 -13] [3 4 -16] [7 0 -4] [5 -15 4] [4 -10 9] [9 -8 -11] [2 -1 -13] [8 18 -7]]","[[1 283] [0 179] [6 113] [3 77] [7 210] [5 187] [4 223] [9 169] [2 116] [8 124]]","[[1 3] [0 9] [6 6] [3 5] [7 3] [5 5] [4 7] [9 7] [2 4] [8 5]]"
"532","plane","10","pricing-only","10","10","[[2 20 -19] [3 -4 -10] [1 6 20] [9 -6 20] [5 -13 4] [7 -13 -10] [0 4 -17] [4 19 -8] [8 20 -18] [6 16 -1]]","[[2 83] [3 266] [1 191] [9 207] [5 269] [7 163] [0 155] [4 121] [8 6] [6 220]]","[[2 1] [3 6] [1 9] [9 7] [5 8] [7 9] [0 5] [4 4] [8 2] [6 8]]"
"531","plane","10","pricing-only","10","10","[[9 5 18] [8 -15 20] [7 17 1] [4 -7 13] [5 2 -9] [0 -14 16] [1 3 -18] [3 17 4] [6 -4 -4] [2 16 -6]]","[[9 143] [8 48] [7 131] [4 187] [5 168] [0 137] [1 214] [3 158] [6 370] [2 125]]","[[9 7] [8 3] [7 3] [4 5] [5 4] [0 4] [1 4] [3 4] [6 5] [2 6]]"
"533","plane","10","pricing-only","10","10","[[8 6 -18] [6 -1 11] [7 -4 2] [5 20 17] [0 -15 16] [2 -10 -16] [9 -7 17] [3 9 17] [1 -6 -11] [4 -2 13]]","[[8 197] [6 197] [7 308] [5 121] [0 111] [2 148] [9 69] [3 145] [1 287] [4 98]]","[[8 11] [6 2] [7 4] [5 5] [0 7] [2 5] [9 4] [3 4] [1 4] [4 2]]"
"534","plane","10","pricing-only","10","10","[[7 -6 -4] [3 11 12] [5 14 -8] [8 14 3] [6 -19 2] [9 5 16] [4 20 -9] [1 0 -8] [2 -12 -9] [0 6 -14]]","[[7 239] [3 181] [5 178] [8 127] [6 189] [9 225] [4 51] [1 208] [2 161] [0 122]]","[[7 5] [3 6] [5 3] [8 6] [6 9] [9 7] [4 4] [1 4] [2 9] [0 5]]"
"535","plane","10","pricing-only","10","10","[[2 13 16] [8 16 -7] [5 12 -4] [1 -17 -16] [6 20 20] [3 12 -17] [7 -3 13] [4 14 11] [0 -5 15] [9 -16 4]]","[[2 103] [8 136] [5 265] [1 157] [6 25] [3 192] [7 233] [4 133] [0 179] [9 258]]","[[2 4] [8 4] [5 5] [1 14] [6 4] [3 7] [7 4] [4 5] [0 4] [9 8]]"
"541","line","2","normal","10","10","[[0 0 -11] [1 0 -8]]","[[0 41] [1 0]]","[[0 10] [1 14]]"
"542","line","2","normal","10","10","[[1 0 -3] [0 0 14]]","[[1 24] [0 17]]","[[1 20] [0 17]]"
"543","line","2","normal","10","10","[[0 0 5] [1 0 -7]]","[[0 21] [1 20]]","[[0 20] [1 19]]"
"544","line","2","normal","10","10","[[1 0 14] [0 0 9]]","[[1 24] [0 17]]","[[1 11] [0 16]]"
"545","line","2","normal","10","10","[[0 0 4] [1 0 -5]]","[[0 20] [1 21]]","[[0 20] [1 19]]"
"546","line","2","normal","10","10","[[1 0 -2] [0 0 1]]","[[1 20] [0 21]]","[[1 20] [0 20]]"
"547","line","2","normal","10","10","[[1 0 6] [0 0 12]]","[[1 27] [0 14]]","[[1 14] [0 9]]"
"548","line","2","normal","10","10","[[0 0 -8] [1 0 -6]]","[[0 31] [1 10]]","[[0 2] [1 4]]"
"549","line","2","normal","10","10","[[1 0 -11] [0 0 14]]","[[1 22] [0 19]]","[[1 20] [0 20]]"
"550","line","2","normal","10","10","[[0 0 -3] [1 0 -3]]","[[0 25] [1 16]]","[[0 10] [1 10]]"
"551","line","2","normal","10","10","[[0 0 9] [1 0 -3]]","[[0 19] [1 22]]","[[0 18] [1 20]]"
"552","line","2","normal","10","10","[[0 0 3] [1 0 1]]","[[0 19] [1 22]]","[[0 19] [1 20]]"
"553","line","2","normal","10","10","[[1 0 -6] [0 0 -4]]","[[1 29] [0 12]]","[[1 14] [0 16]]"
"536","plane","10","pricing-only","10","10","[[6 -3 -7] [2 14 14] [3 6 -5] [4 3 4] [8 -6 8] [5 10 -5] [7 15 -9] [0 -15 1] [1 -20 19] [9 16 13]]","[[6 259] [2 127] [3 197] [4 144] [8 208] [5 134] [7 157] [0 235] [1 76] [9 144]]","[[6 7] [2 4] [3 3] [4 5] [8 7] [5 3] [7 5] [0 7] [1 9] [9 3]]"
"537","plane","10","pricing-only","10","10","[[0 -2 11] [6 -14 11] [5 10 -20] [3 -13 18] [2 -12 11] [9 -15 7] [8 6 17] [4 -18 16] [1 17 -8] [7 7 1]]","[[0 154] [6 63] [5 217] [3 54] [2 214] [9 279] [8 158] [4 25] [1 211] [7 306]]","[[0 5] [6 1] [5 8] [3 3] [2 1] [9 4] [8 9] [4 4] [1 6] [7 7]]"
"554","line","2","normal","10","10","[[1 0 4] [0 0 12]]","[[1 26] [0 15]]","[[1 20] [0 16]]"
"555","line","2","normal","10","10","[[1 0 -9] [0 0 -7]]","[[1 41] [0 0]]","[[1 7] [0 10]]"
"556","line","2","normal","10","10","[[1 0 13] [0 0 -3]]","[[1 15] [0 26]]","[[1 20] [0 20]]"
"557","line","2","normal","10","10","[[0 0 -12] [1 0 9]]","[[0 19] [1 22]]","[[0 19] [1 20]]"
"558","line","2","normal","10","10","[[0 0 1] [1 0 -6]]","[[0 23] [1 18]]","[[0 20] [1 19]]"
"559","line","2","normal","10","10","[[0 0 0] [1 0 0]]","[[0 20] [1 21]]","[[0 2] [1 2]]"
"538","plane","10","pricing-only","10","10","[[4 -19 -16] [7 3 -18] [0 0 8] [5 -8 -8] [1 7 -10] [8 4 -17] [9 -15 12] [2 18 17] [3 2 20] [6 -20 -11]]","[[4 66] [7 194] [0 305] [5 210] [1 257] [8 100] [9 163] [2 140] [3 138] [6 108]]","[[4 6] [7 1] [0 7] [5 6] [1 6] [8 2] [9 12] [2 10] [3 7] [6 5]]"
"561","line","2","moving-only","10","10","[[1 0 7] [0 0 -6]]","[[1 20] [0 21]]","[[1 10] [0 10]]"
"560","line","2","normal","10","10","[[0 0 1] [1 0 0]]","[[0 20] [1 21]]","[[0 8] [1 8]]"
"562","line","2","moving-only","10","10","[[1 0 -2] [0 0 -15]]","[[1 29] [0 12]]","[[1 10] [0 10]]"
"563","line","2","moving-only","10","10","[[0 0 0] [1 0 0]]","[[0 25] [1 16]]","[[0 10] [1 10]]"
"564","line","2","moving-only","10","10","[[1 0 8] [0 0 11]]","[[1 30] [0 11]]","[[1 10] [0 10]]"
"565","line","2","moving-only","10","10","[[0 0 -14] [1 0 11]]","[[0 19] [1 22]]","[[0 10] [1 10]]"
"566","line","2","moving-only","10","10","[[0 0 5] [1 0 2]]","[[0 17] [1 24]]","[[0 10] [1 10]]"
"567","line","2","moving-only","10","10","[[1 0 0] [0 0 0]]","[[1 19] [0 22]]","[[1 10] [0 10]]"
"570","line","2","moving-only","10","10","[[0 0 1] [1 0 1]]","[[0 25] [1 16]]","[[0 10] [1 10]]"
"568","line","2","moving-only","10","10","[[0 0 9] [1 0 9]]","[[0 15] [1 26]]","[[0 10] [1 10]]"
"569","line","2","moving-only","10","10","[[0 0 -10] [1 0 -5]]","[[0 13] [1 28]]","[[0 10] [1 10]]"
"571","line","2","moving-only","10","10","[[1 0 -11] [0 0 -11]]","[[1 18] [0 23]]","[[1 10] [0 10]]"
"572","line","2","moving-only","10","10","[[0 0 -1] [1 0 9]]","[[0 25] [1 16]]","[[0 10] [1 10]]"
"574","line","2","moving-only","10","10","[[1 0 -16] [0 0 -11]]","[[1 7] [0 34]]","[[1 10] [0 10]]"
"573","line","2","moving-only","10","10","[[0 0 -4] [1 0 -4]]","[[0 23] [1 18]]","[[0 10] [1 10]]"
"575","line","2","moving-only","10","10","[[0 0 16] [1 0 6]]","[[0 10] [1 31]]","[[0 10] [1 10]]"
"577","line","2","moving-only","10","10","[[0 0 -13] [1 0 2]]","[[0 15] [1 26]]","[[0 10] [1 10]]"
"578","line","2","moving-only","10","10","[[1 0 -13] [0 0 -1]]","[[1 14] [0 27]]","[[1 10] [0 10]]"
"576","line","2","moving-only","10","10","[[0 0 -1] [1 0 0]]","[[0 20] [1 21]]","[[0 10] [1 10]]"
"579","line","2","moving-only","10","10","[[1 0 -2] [0 0 -11]]","[[1 27] [0 14]]","[[1 10] [0 10]]"
"581","line","2","pricing-only","10","10","[[1 0 -3] [0 0 -12]]","[[1 25] [0 16]]","[[1 20] [0 15]]"
"582","line","2","pricing-only","10","10","[[1 0 13] [0 0 -18]]","[[1 22] [0 19]]","[[1 20] [0 19]]"
"580","line","2","moving-only","10","10","[[0 0 -8] [1 0 -5]]","[[0 14] [1 27]]","[[0 10] [1 10]]"
"585","line","2","pricing-only","10","10","[[0 0 17] [1 0 11]]","[[0 26] [1 15]]","[[0 7] [1 13]]"
"583","line","2","pricing-only","10","10","[[1 0 -15] [0 0 1]]","[[1 16] [0 25]]","[[1 16] [0 20]]"
"586","line","2","pricing-only","10","10","[[0 0 -7] [1 0 14]]","[[0 23] [1 18]]","[[0 20] [1 18]]"
"584","line","2","pricing-only","10","10","[[1 0 3] [0 0 -12]]","[[1 24] [0 17]]","[[1 20] [0 17]]"
"539","plane","10","pricing-only","10","10","[[1 -2 -2] [2 0 -10] [4 -10 0] [9 -13 -5] [8 -11 -1] [5 -10 11] [3 -14 -2] [7 13 -12] [0 -6 -14] [6 -11 9]]","[[1 335] [2 156] [4 67] [9 75] [8 58] [5 314] [3 91] [7 233] [0 156] [6 196]]","[[1 4] [2 5] [4 1] [9 4] [8 1] [5 2] [3 2] [7 9] [0 5] [6 1]]"
"589","line","2","pricing-only","10","10","[[0 0 10] [1 0 6]]","[[0 27] [1 14]]","[[0 9] [1 13]]"
"588","line","2","pricing-only","10","10","[[1 0 10] [0 0 -13]]","[[1 21] [0 20]]","[[1 20] [0 19]]"
"587","line","2","pricing-only","10","10","[[1 0 8] [0 0 -20]]","[[1 25] [0 16]]","[[1 20] [0 17]]"
"590","line","2","pricing-only","10","10","[[1 0 8] [0 0 -16]]","[[1 23] [0 18]]","[[1 20] [0 17]]"
"591","line","2","pricing-only","10","10","[[0 0 -19] [1 0 2]]","[[0 14] [1 27]]","[[0 16] [1 20]]"
"592","line","2","pricing-only","10","10","[[1 0 10] [0 0 11]]","[[1 21] [0 20]]","[[1 2] [0 1]]"
"593","line","2","pricing-only","10","10","[[0 0 16] [1 0 13]]","[[0 25] [1 16]]","[[0 4] [1 7]]"
"594","line","2","pricing-only","10","10","[[0 0 6] [1 0 1]]","[[0 18] [1 23]]","[[0 18] [1 20]]"
"595","line","2","pricing-only","10","10","[[1 0 -6] [0 0 7]]","[[1 21] [0 20]]","[[1 20] [0 20]]"
"598","line","2","pricing-only","10","10","[[1 0 12] [0 0 -17]]","[[1 23] [0 18]]","[[1 20] [0 19]]"
"597","line","2","pricing-only","10","10","[[1 0 -8] [0 0 11]]","[[1 22] [0 19]]","[[1 20] [0 20]]"
"599","line","2","pricing-only","10","10","[[1 0 3] [0 0 17]]","[[1 28] [0 13]]","[[1 20] [0 15]]"
"600","line","2","pricing-only","10","10","[[0 0 8] [1 0 0]]","[[0 17] [1 24]]","[[0 18] [1 20]]"
"601","line","3","normal","10","10","[[2 0 -2] [1 0 8] [0 0 -4]]","[[2 23] [1 13] [0 5]]","[[2 6] [1 15] [0 8]]"
"602","line","3","normal","10","10","[[1 0 11] [2 0 10] [0 0 -13]]","[[1 10] [2 20] [0 11]]","[[1 3] [2 3] [0 19]]"
"603","line","3","normal","10","10","[[0 0 1] [1 0 9] [2 0 8]]","[[0 0] [1 12] [2 29]]","[[0 10] [1 2] [2 2]]"
"596","line","2","pricing-only","10","10","[[1 0 -16] [0 0 3]]","[[1 15] [0 26]]","[[1 17] [0 20]]"
"604","line","3","normal","10","10","[[1 0 13] [0 0 12] [2 0 1]]","[[1 8] [0 11] [2 22]]","[[1 10] [0 10] [2 20]]"
"605","line","3","normal","10","10","[[1 0 4] [0 0 3] [2 0 -14]]","[[1 17] [0 16] [2 8]]","[[1 2] [0 2] [2 16]]"
"606","line","3","normal","10","10","[[1 0 -3] [0 0 -18] [2 0 -10]]","[[1 0] [0 5] [2 36]]","[[1 16] [0 10] [2 8]]"
"609","line","3","normal","10","10","[[2 0 -5] [1 0 -12] [0 0 -1]]","[[2 10] [1 9] [0 22]]","[[2 5] [1 11] [0 8]]"
"607","line","3","normal","10","10","[[1 0 -12] [0 0 5] [2 0 -8]]","[[1 10] [0 19] [2 12]]","[[1 11] [0 17] [2 10]]"
"608","line","3","normal","10","10","[[0 0 6] [2 0 -7] [1 0 5]]","[[0 12] [2 0] [1 29]]","[[0 2] [2 14] [1 1]]"
"610","line","3","normal","10","10","[[0 0 -6] [1 0 14] [2 0 -6]]","[[0 18] [1 11] [2 12]]","[[0 2] [1 14] [2 2]]"
"611","line","3","normal","10","10","[[1 0 -4] [0 0 14] [2 0 -2]]","[[1 17] [0 11] [2 13]]","[[1 7] [0 14] [2 6]]"
"612","line","3","normal","10","10","[[2 0 -10] [1 0 -7] [0 0 14]]","[[2 12] [1 15] [0 14]]","[[2 13] [1 13] [0 18]]"
"613","line","3","normal","10","10","[[0 0 13] [2 0 13] [1 0 0]]","[[0 16] [2 25] [1 0]]","[[0 3] [2 3] [1 17]]"
"616","line","3","normal","10","10","[[2 0 17] [1 0 0] [0 0 -4]]","[[2 10] [1 14] [0 17]]","[[2 15] [1 11] [0 14]]"
"617","line","3","normal","10","10","[[0 0 -9] [2 0 12] [1 0 -5]]","[[0 12] [2 14] [1 15]]","[[0 15] [2 19] [1 13]]"
"615","line","3","normal","10","10","[[0 0 -12] [1 0 -9] [2 0 8]]","[[0 15] [1 9] [2 17]]","[[0 9] [1 12] [2 19]]"
"618","line","3","normal","10","10","[[0 0 5] [2 0 -10] [1 0 0]]","[[0 9] [2 11] [1 21]]","[[0 10] [2 13] [1 5]]"
"619","line","3","normal","10","10","[[0 0 -5] [2 0 5] [1 0 -9]]","[[0 37] [2 0] [1 4]]","[[0 3] [2 14] [1 7]]"
"620","line","3","normal","10","10","[[0 0 -3] [2 0 6] [1 0 11]]","[[0 19] [2 10] [1 12]]","[[0 18] [2 12] [1 12]]"
"622","line","3","moving-only","10","10","[[1 0 -12] [2 0 -12] [0 0 5]]","[[1 9] [2 8] [0 24]]","[[1 10] [2 10] [0 10]]"
"621","line","3","moving-only","10","10","[[0 0 -4] [2 0 13] [1 0 13]]","[[0 25] [2 7] [1 9]]","[[0 10] [2 10] [1 10]]"
"614","line","3","normal","10","10","[[2 0 11] [0 0 9] [1 0 -5]]","[[2 19] [0 3] [1 19]]","[[2 10] [0 12] [1 19]]"
"623","line","3","moving-only","10","10","[[2 0 -5] [1 0 9] [0 0 9]]","[[2 23] [1 14] [0 4]]","[[2 10] [1 10] [0 10]]"
"624","line","3","moving-only","10","10","[[0 0 -13] [1 0 -7] [2 0 -7]]","[[0 10] [1 15] [2 16]]","[[0 10] [1 10] [2 10]]"
"625","line","3","moving-only","10","10","[[2 0 9] [1 0 6] [0 0 7]]","[[2 12] [1 27] [0 2]]","[[2 10] [1 10] [0 10]]"
"628","line","3","moving-only","10","10","[[0 0 -16] [2 0 -15] [1 0 -8]]","[[0 5] [2 4] [1 32]]","[[0 10] [2 10] [1 10]]"
"626","line","3","moving-only","10","10","[[0 0 1] [2 0 10] [1 0 1]]","[[0 13] [2 15] [1 13]]","[[0 10] [2 10] [1 10]]"
"629","line","3","moving-only","10","10","[[0 0 -2] [1 0 12] [2 0 13]]","[[0 26] [1 7] [2 8]]","[[0 10] [1 10] [2 10]]"
"630","line","3","moving-only","10","10","[[1 0 1] [2 0 12] [0 0 12]]","[[1 27] [2 7] [0 7]]","[[1 10] [2 10] [0 10]]"
"632","line","3","moving-only","10","10","[[2 0 2] [1 0 -7] [0 0 7]]","[[2 7] [1 18] [0 16]]","[[2 10] [1 10] [0 10]]"
"631","line","3","moving-only","10","10","[[0 0 -8] [1 0 -14] [2 0 -5]]","[[0 4] [1 10] [2 27]]","[[0 10] [1 10] [2 10]]"
"634","line","3","moving-only","10","10","[[1 0 13] [2 0 -8] [0 0 -7]]","[[1 17] [2 13] [0 11]]","[[1 10] [2 10] [0 10]]"
"635","line","3","moving-only","10","10","[[1 0 -11] [0 0 15] [2 0 -10]]","[[1 10] [0 18] [2 13]]","[[1 10] [0 10] [2 10]]"
"636","line","3","moving-only","10","10","[[0 0 -10] [2 0 10] [1 0 4]]","[[0 18] [2 14] [1 9]]","[[0 10] [2 10] [1 10]]"
"633","line","3","moving-only","10","10","[[1 0 -6] [2 0 1] [0 0 -4]]","[[1 15] [2 22] [0 4]]","[[1 10] [2 10] [0 10]]"
"638","line","3","moving-only","10","10","[[0 0 10] [1 0 -14] [2 0 -7]]","[[0 19] [1 10] [2 12]]","[[0 10] [1 10] [2 10]]"
"637","line","3","moving-only","10","10","[[1 0 -6] [2 0 -9] [0 0 12]]","[[1 10] [2 13] [0 18]]","[[1 10] [2 10] [0 10]]"
"639","line","3","moving-only","10","10","[[0 0 9] [2 0 9] [1 0 -5]]","[[0 10] [2 8] [1 23]]","[[0 10] [2 10] [1 10]]"
"640","line","3","moving-only","10","10","[[2 0 9] [1 0 -10] [0 0 10]]","[[2 10] [1 20] [0 11]]","[[2 10] [1 10] [0 10]]"
"641","line","3","pricing-only","10","10","[[2 0 3] [0 0 20] [1 0 -16]]","[[2 21] [0 8] [1 12]]","[[2 13] [0 14] [1 17]]"
"642","line","3","pricing-only","10","10","[[1 0 4] [0 0 11] [2 0 4]]","[[1 14] [0 10] [2 17]]","[[1 1] [0 7] [2 1]]"
"644","line","3","pricing-only","10","10","[[2 0 -16] [1 0 13] [0 0 -6]]","[[2 10] [1 15] [0 16]]","[[2 13] [1 18] [0 14]]"
"643","line","3","pricing-only","10","10","[[1 0 -16] [0 0 4] [2 0 7]]","[[1 10] [0 24] [2 7]]","[[1 17] [0 8] [2 11]]"
"645","line","3","pricing-only","10","10","[[0 0 8] [2 0 -6] [1 0 20]]","[[0 13] [2 19] [1 9]]","[[0 14] [2 19] [1 9]]"
"647","line","3","pricing-only","10","10","[[0 0 -3] [2 0 -18] [1 0 -1]]","[[0 28] [2 6] [1 7]]","[[0 3] [2 11] [1 5]]"
"648","line","3","pricing-only","10","10","[[0 0 -3] [1 0 -20] [2 0 15]]","[[0 15] [1 11] [2 15]]","[[0 15] [1 12] [2 15]]"
"649","line","3","pricing-only","10","10","[[0 0 -19] [1 0 18] [2 0 20]]","[[0 13] [1 14] [2 14]]","[[0 16] [1 3] [2 1]]"
"627","line","3","moving-only","10","10","[[0 0 -5] [2 0 -13] [1 0 -14]]","[[0 30] [2 4] [1 7]]","[[0 10] [2 10] [1 10]]"
"650","line","3","pricing-only","10","10","[[2 0 -6] [0 0 1] [1 0 10]]","[[2 5] [0 24] [1 12]]","[[2 16] [0 9] [1 15]]"
"651","line","3","pricing-only","10","10","[[1 0 -3] [2 0 -9] [0 0 -20]]","[[1 24] [2 13] [0 4]]","[[1 9] [2 4] [0 9]]"
"652","line","3","pricing-only","10","10","[[2 0 -3] [1 0 -4] [0 0 -16]]","[[2 16] [1 20] [0 5]]","[[2 2] [1 1] [0 11]]"
"654","line","3","pricing-only","10","10","[[1 0 14] [0 0 -13] [2 0 -14]]","[[1 12] [0 22] [2 7]]","[[1 17] [0 1] [2 1]]"
"655","line","3","pricing-only","10","10","[[0 0 13] [1 0 -10] [2 0 -3]]","[[0 13] [1 13] [2 15]]","[[0 16] [1 15] [2 12]]"
"656","line","3","pricing-only","10","10","[[2 0 -16] [0 0 -11] [1 0 2]]","[[2 6] [0 15] [1 20]]","[[2 12] [0 11] [1 20]]"
"657","line","3","pricing-only","10","10","[[0 0 -10] [2 0 8] [1 0 -11]]","[[0 17] [2 14] [1 10]]","[[0 2] [2 18] [1 2]]"
"658","line","3","pricing-only","10","10","[[2 0 20] [0 0 8] [1 0 6]]","[[2 3] [0 10] [1 28]]","[[2 10] [0 3] [1 3]]"
"659","line","3","pricing-only","10","10","[[2 0 -4] [1 0 -8] [0 0 -1]]","[[2 27] [1 5] [0 9]]","[[2 1] [1 5] [0 4]]"
"660","line","3","pricing-only","10","10","[[2 0 9] [1 0 2] [0 0 -2]]","[[2 3] [1 29] [0 9]]","[[2 9] [1 2] [0 6]]"
"653","line","3","pricing-only","10","10","[[2 0 18] [0 0 -3] [1 0 5]]","[[2 8] [0 19] [1 14]]","[[2 16] [0 19] [1 14]]"
"661","line","4","normal","10","10","[[2 0 -11] [3 0 -1] [0 0 12] [1 0 -12]]","[[2 16] [3 11] [0 12] [1 2]]","[[2 3] [3 9] [0 14] [1 4]]"
"662","line","4","normal","10","10","[[0 0 -1] [1 0 -2] [3 0 14] [2 0 13]]","[[0 27] [1 0] [3 7] [2 7]]","[[0 3] [1 5] [3 4] [2 4]]"
"664","line","4","normal","10","10","[[1 0 7] [3 0 18] [0 0 9] [2 0 -4]]","[[1 28] [3 4] [0 9] [2 0]]","[[1 3] [3 8] [0 2] [2 16]]"
"665","line","4","normal","10","10","[[1 0 -10] [0 0 3] [2 0 13] [3 0 12]]","[[1 14] [0 11] [2 12] [3 4]]","[[1 16] [0 11] [2 3] [3 4]]"
"663","line","4","normal","10","10","[[2 0 -14] [3 0 14] [0 0 -11] [1 0 8]]","[[2 16] [3 8] [0 6] [1 11]]","[[2 5] [3 16] [0 8] [1 13]]"
"666","line","4","normal","10","10","[[1 0 -15] [3 0 10] [0 0 3] [2 0 -12]]","[[1 6] [3 12] [0 11] [2 12]]","[[1 7] [3 14] [0 10] [2 5]]"
"667","line","4","normal","10","10","[[0 0 -13] [1 0 11] [2 0 2] [3 0 -16]]","[[0 11] [1 13] [2 11] [3 6]]","[[0 6] [1 13] [2 11] [3 6]]"
"668","line","4","normal","10","10","[[2 0 -17] [0 0 10] [3 0 7] [1 0 -13]]","[[2 6] [0 11] [3 12] [1 12]]","[[2 10] [0 13] [3 12] [1 11]]"
"540","plane","10","pricing-only","10","10","[[2 2 -5] [0 2 3] [7 0 -20] [3 14 11] [5 -18 14] [1 -10 -10] [4 -3 2] [6 -15 -15] [9 -7 14] [8 17 -4]]","[[2 214] [0 203] [7 136] [3 179] [5 117] [1 159] [4 185] [6 122] [9 178] [8 188]]","[[2 5] [0 5] [7 7] [3 11] [5 9] [1 7] [4 5] [6 7] [9 8] [8 9]]"
"670","line","4","normal","10","10","[[2 0 -3] [0 0 16] [1 0 -6] [3 0 10]]","[[2 26] [0 5] [1 0] [3 10]]","[[2 4] [0 13] [1 8] [3 8]]"
"669","line","4","normal","10","10","[[1 0 8] [3 0 -7] [2 0 -2] [0 0 18]]","[[1 9] [3 14] [2 11] [0 7]]","[[1 10] [3 10] [2 6] [0 11]]"
"671","line","4","normal","10","10","[[1 0 9] [3 0 -15] [0 0 9] [2 0 -13]]","[[1 25] [3 6] [0 0] [2 10]]","[[1 1] [3 6] [0 2] [2 5]]"
"672","line","4","normal","10","10","[[0 0 0] [2 0 8] [1 0 -2] [3 0 14]]","[[0 26] [2 6] [1 0] [3 9]]","[[0 5] [2 8] [1 8] [3 10]]"
"673","line","4","normal","10","10","[[0 0 8] [3 0 11] [1 0 -7] [2 0 -7]]","[[0 10] [3 6] [1 13] [2 12]]","[[0 9] [3 12] [1 2] [2 2]]"
"674","line","4","normal","10","10","[[2 0 -11] [3 0 -11] [1 0 10] [0 0 9]]","[[2 8] [3 11] [1 11] [0 11]]","[[2 3] [3 3] [1 2] [0 2]]"
"676","line","4","normal","10","10","[[0 0 4] [1 0 -12] [2 0 -5] [3 0 16]]","[[0 12] [1 9] [2 11] [3 9]]","[[0 12] [1 17] [2 11] [3 15]]"
"677","line","4","normal","10","10","[[3 0 -8] [2 0 10] [1 0 -7] [0 0 10]]","[[3 13] [2 0] [1 8] [0 20]]","[[3 4] [2 3] [1 4] [0 2]]"
"678","line","4","normal","10","10","[[2 0 -5] [1 0 -5] [0 0 8] [3 0 -13]]","[[2 16] [1 12] [0 5] [3 8]]","[[2 1] [1 1] [0 14] [3 7]]"
"679","line","4","normal","10","10","[[0 0 -9] [1 0 13] [2 0 12] [3 0 -9]]","[[0 13] [1 11] [2 5] [3 12]]","[[0 1] [1 7] [2 8] [3 1]]"
"681","line","4","moving-only","10","10","[[1 0 5] [2 0 17] [0 0 -3] [3 0 -15]]","[[1 9] [2 10] [0 11] [3 11]]","[[1 10] [2 10] [0 10] [3 10]]"
"675","line","4","normal","10","10","[[0 0 -17] [1 0 -2] [3 0 -12] [2 0 5]]","[[0 5] [1 11] [3 9] [2 16]]","[[0 11] [1 9] [3 9] [2 15]]"
"680","line","4","normal","10","10","[[1 0 12] [3 0 -2] [0 0 -16] [2 0 -5]]","[[1 5] [3 18] [0 6] [2 12]]","[[1 18] [3 4] [0 10] [2 3]]"
"682","line","4","moving-only","10","10","[[1 0 18] [0 0 18] [2 0 14] [3 0 14]]","[[1 4] [0 1] [2 19] [3 17]]","[[1 10] [0 10] [2 10] [3 10]]"
"684","line","4","moving-only","10","10","[[3 0 12] [1 0 -7] [2 0 -5] [0 0 4]]","[[3 13] [1 14] [2 6] [0 8]]","[[3 10] [1 10] [2 10] [0 10]]"
"683","line","4","moving-only","10","10","[[3 0 -12] [1 0 4] [2 0 4] [0 0 -13]]","[[3 9] [1 11] [2 13] [0 8]]","[[3 10] [1 10] [2 10] [0 10]]"
"686","line","4","moving-only","10","10","[[1 0 12] [3 0 12] [0 0 -7] [2 0 -14]]","[[1 9] [3 9] [0 13] [2 10]]","[[1 10] [3 10] [0 10] [2 10]]"
"685","line","4","moving-only","10","10","[[0 0 -8] [2 0 -7] [3 0 -5] [1 0 -10]]","[[0 1] [2 1] [3 27] [1 12]]","[[0 10] [2 10] [3 10] [1 10]]"
"688","line","4","moving-only","10","10","[[0 0 -16] [3 0 -12] [2 0 9] [1 0 13]]","[[0 6] [3 13] [2 12] [1 10]]","[[0 10] [3 10] [2 10] [1 10]]"
"689","line","4","moving-only","10","10","[[3 0 -4] [1 0 -15] [2 0 -12] [0 0 3]]","[[3 7] [1 7] [2 6] [0 21]]","[[3 10] [1 10] [2 10] [0 10]]"
"687","line","4","moving-only","10","10","[[2 0 -12] [1 0 -11] [0 0 -1] [3 0 9]]","[[2 9] [1 5] [0 10] [3 17]]","[[2 10] [1 10] [0 10] [3 10]]"
"690","line","4","moving-only","10","10","[[0 0 -5] [1 0 -5] [2 0 13] [3 0 -11]]","[[0 4] [1 8] [2 17] [3 12]]","[[0 10] [1 10] [2 10] [3 10]]"
"646","line","3","pricing-only","10","10","[[0 0 -14] [1 0 7] [2 0 20]]","[[0 15] [1 18] [2 8]]","[[0 19] [1 16] [2 14]]"
"692","line","4","moving-only","10","10","[[0 0 -1] [2 0 6] [3 0 8] [1 0 13]]","[[0 23] [2 4] [3 4] [1 10]]","[[0 10] [2 10] [3 10] [1 10]]"
"694","line","4","moving-only","10","10","[[0 0 -10] [3 0 11] [1 0 10] [2 0 -11]]","[[0 11] [3 10] [1 10] [2 10]]","[[0 10] [3 10] [1 10] [2 10]]"
"693","line","4","moving-only","10","10","[[1 0 15] [2 0 -10] [3 0 0] [0 0 2]]","[[1 12] [2 15] [3 7] [0 7]]","[[1 10] [2 10] [3 10] [0 10]]"
"695","line","4","moving-only","10","10","[[3 0 -5] [1 0 6] [2 0 5] [0 0 11]]","[[3 21] [1 3] [2 5] [0 12]]","[[3 10] [1 10] [2 10] [0 10]]"
"697","line","4","moving-only","10","10","[[3 0 15] [1 0 16] [2 0 18] [0 0 6]]","[[3 5] [1 2] [2 3] [0 31]]","[[3 10] [1 10] [2 10] [0 10]]"
"696","line","4","moving-only","10","10","[[3 0 -12] [2 0 -11] [1 0 3] [0 0 3]]","[[3 9] [2 7] [1 12] [0 13]]","[[3 10] [2 10] [1 10] [0 10]]"
"699","line","4","moving-only","10","10","[[0 0 14] [2 0 14] [1 0 14] [3 0 11]]","[[0 2] [2 3] [1 3] [3 33]]","[[0 10] [2 10] [1 10] [3 10]]"
"698","line","4","moving-only","10","10","[[3 0 12] [2 0 12] [1 0 -1] [0 0 -1]]","[[3 5] [2 10] [1 18] [0 8]]","[[3 10] [2 10] [1 10] [0 10]]"
"691","line","4","moving-only","10","10","[[1 0 14] [3 0 0] [0 0 13] [2 0 -6]]","[[1 7] [3 9] [0 7] [2 18]]","[[1 10] [3 10] [0 10] [2 10]]"
"700","line","4","moving-only","10","10","[[3 0 1] [2 0 -10] [0 0 12] [1 0 -7]]","[[3 10] [2 12] [0 14] [1 5]]","[[3 10] [2 10] [0 10] [1 10]]"
"702","line","4","pricing-only","10","10","[[0 0 -4] [2 0 15] [3 0 -6] [1 0 -16]]","[[0 8] [2 8] [3 20] [1 5]]","[[0 4] [2 17] [3 2] [1 11]]"
"701","line","4","pricing-only","10","10","[[0 0 -10] [3 0 -12] [2 0 -8] [1 0 13]]","[[0 12] [3 7] [2 11] [1 11]]","[[0 1] [3 3] [2 3] [1 16]]"
"703","line","4","pricing-only","10","10","[[3 0 -8] [1 0 -11] [0 0 1] [2 0 4]]","[[3 7] [1 10] [0 7] [2 17]]","[[3 3] [1 5] [0 2] [2 4]]"
"704","line","4","pricing-only","10","10","[[3 0 -18] [0 0 16] [1 0 14] [2 0 5]]","[[3 12] [0 5] [1 9] [2 15]]","[[3 17] [0 9] [1 8] [2 14]]"
"706","line","4","pricing-only","10","10","[[3 0 16] [2 0 -18] [0 0 -5] [1 0 -12]]","[[3 13] [2 4] [0 14] [1 10]]","[[3 18] [2 12] [0 14] [1 9]]"
"707","line","4","pricing-only","10","10","[[2 0 -15] [1 0 -15] [0 0 14] [3 0 -5]]","[[2 10] [1 5] [0 13] [3 13]]","[[2 1] [1 1] [0 16] [3 10]]"
"708","line","4","pricing-only","10","10","[[0 0 6] [3 0 -10] [1 0 -17] [2 0 9]]","[[0 12] [3 10] [1 6] [2 13]]","[[0 5] [3 11] [1 14] [2 6]]"
"709","line","4","pricing-only","10","10","[[1 0 13] [2 0 -13] [0 0 18] [3 0 3]]","[[1 9] [2 14] [0 5] [3 13]]","[[1 9] [2 15] [0 10] [3 12]]"
"710","line","4","pricing-only","10","10","[[2 0 18] [3 0 -12] [1 0 4] [0 0 14]]","[[2 5] [3 14] [1 14] [0 8]]","[[2 9] [3 18] [1 12] [0 9]]"
"705","line","4","pricing-only","10","10","[[3 0 18] [2 0 2] [1 0 -20] [0 0 20]]","[[3 14] [2 13] [1 12] [0 2]]","[[3 3] [2 14] [1 13] [0 2]]"
"711","line","4","pricing-only","10","10","[[1 0 2] [2 0 16] [0 0 -1] [3 0 17]]","[[1 17] [2 8] [0 12] [3 4]]","[[1 2] [2 2] [0 5] [3 2]]"
"713","line","4","pricing-only","10","10","[[2 0 -19] [3 0 18] [0 0 -10] [1 0 -12]]","[[2 2] [3 9] [0 5] [1 25]]","[[2 8] [3 18] [0 4] [1 2]]"
"712","line","4","pricing-only","10","10","[[0 0 -16] [2 0 13] [3 0 -5] [1 0 0]]","[[0 8] [2 12] [3 12] [1 9]]","[[0 13] [2 16] [3 9] [1 13]]"
"715","line","4","pricing-only","10","10","[[0 0 1] [2 0 -18] [1 0 -8] [3 0 -6]]","[[0 11] [2 3] [1 10] [3 17]]","[[0 9] [2 11] [1 3] [3 2]]"
"714","line","4","pricing-only","10","10","[[0 0 -7] [1 0 -18] [2 0 -5] [3 0 20]]","[[0 11] [1 4] [2 17] [3 9]]","[[0 4] [1 12] [2 4] [3 11]]"
"717","line","4","pricing-only","10","10","[[1 0 15] [0 0 1] [2 0 -15] [3 0 -19]]","[[1 12] [0 12] [2 8] [3 9]]","[[1 13] [0 12] [2 6] [3 2]]"
"718","line","4","pricing-only","10","10","[[2 0 12] [1 0 10] [0 0 -2] [3 0 -2]]","[[2 6] [1 9] [0 12] [3 14]]","[[2 7] [1 5] [0 1] [3 1]]"
"720","line","4","pricing-only","10","10","[[1 0 -6] [3 0 -9] [2 0 5] [0 0 9]]","[[1 8] [3 12] [2 14] [0 7]]","[[1 2] [3 4] [2 3] [0 7]]"
"716","line","4","pricing-only","10","10","[[0 0 12] [1 0 -16] [2 0 -11] [3 0 -9]]","[[0 11] [1 2] [2 21] [3 7]]","[[0 18] [1 6] [2 1] [3 3]]"
"719","line","4","pricing-only","10","10","[[0 0 -2] [2 0 -7] [3 0 -8] [1 0 -14]]","[[0 13] [2 15] [3 6] [1 7]]","[[0 6] [2 1] [3 1] [1 6]]"
"721","line","5","normal","10","10","[[0 0 15] [3 0 4] [4 0 -2] [1 0 14] [2 0 -9]]","[[0 8] [3 6] [4 10] [1 5] [2 12]]","[[0 2] [3 6] [4 5] [1 3] [2 11]]"
"722","line","5","normal","10","10","[[0 0 14] [2 0 15] [3 0 -9] [4 0 -7] [1 0 0]]","[[0 10] [2 4] [3 0] [4 20] [1 7]]","[[0 7] [2 8] [3 7] [4 4] [1 9]]"
"726","line","5","normal","10","10","[[0 0 16] [1 0 0] [2 0 14] [4 0 -13] [3 0 -10]]","[[0 5] [1 11] [2 9] [4 9] [3 7]]","[[0 6] [1 7] [2 5] [4 7] [3 7]]"
"724","line","5","normal","10","10","[[2 0 -13] [3 0 9] [0 0 -6] [4 0 9] [1 0 2]]","[[2 8] [3 0] [0 12] [4 18] [1 3]]","[[2 12] [3 3] [0 6] [4 2] [1 8]]"
"723","line","5","normal","10","10","[[3 0 -13] [0 0 -15] [1 0 3] [4 0 2] [2 0 15]]","[[3 8] [0 6] [1 12] [4 9] [2 6]]","[[3 3] [0 3] [1 2] [4 2] [2 13]]"
"725","line","5","normal","10","10","[[3 0 -14] [0 0 11] [4 0 10] [2 0 -2] [1 0 -15]]","[[3 7] [0 13] [4 6] [2 9] [1 6]]","[[3 6] [0 2] [4 3] [2 8] [1 6]]"
"727","line","5","normal","10","10","[[3 0 -3] [2 0 12] [4 0 11] [1 0 -11] [0 0 -13]]","[[3 8] [2 9] [4 9] [1 7] [0 8]]","[[3 5] [2 2] [4 2] [1 2] [0 3]]"
"728","line","5","normal","10","10","[[3 0 3] [2 0 -10] [0 0 -13] [1 0 16] [4 0 11]]","[[3 8] [2 9] [0 10] [1 6] [4 8]]","[[3 10] [2 6] [0 4] [1 11] [4 9]]"
"729","line","5","normal","10","10","[[3 0 6] [1 0 -12] [4 0 12] [0 0 0] [2 0 -12]]","[[3 12] [1 7] [4 6] [0 7] [2 9]]","[[3 6] [1 3] [4 12] [0 6] [2 3]]"
"730","line","5","normal","10","10","[[0 0 6] [1 0 -14] [2 0 -8] [4 0 13] [3 0 -4]]","[[0 10] [1 7] [2 8] [4 8] [3 8]]","[[0 10] [1 12] [2 7] [4 16] [3 7]]"
"731","line","5","normal","10","10","[[4 0 -6] [1 0 -19] [2 0 4] [3 0 10] [0 0 -18]]","[[4 9] [1 2] [2 22] [3 0] [0 8]]","[[4 8] [1 6] [2 7] [3 14] [0 6]]"
"733","line","5","normal","10","10","[[0 0 -8] [4 0 13] [2 0 -10] [3 0 13] [1 0 -15]]","[[0 11] [4 0] [2 12] [3 18] [1 0]]","[[0 2] [4 3] [2 1] [3 2] [1 7]]"
"734","line","5","normal","10","10","[[0 0 8] [2 0 -13] [1 0 8] [4 0 -17] [3 0 -6]]","[[0 0] [2 6] [1 22] [4 5] [3 8]]","[[0 3] [2 6] [1 2] [4 8] [3 7]]"
"735","line","5","normal","10","10","[[3 0 15] [0 0 -5] [4 0 -10] [2 0 16] [1 0 6]]","[[3 8] [0 20] [4 0] [2 5] [1 8]]","[[3 2] [0 9] [4 15] [2 2] [1 8]]"
"737","line","5","normal","10","10","[[1 0 -2] [4 0 -8] [2 0 12] [0 0 12] [3 0 -1]]","[[1 11] [4 8] [2 15] [0 0] [3 7]]","[[1 1] [4 7] [2 2] [0 3] [3 1]]"
"736","line","5","normal","10","10","[[2 0 9] [1 0 3] [4 0 -7] [0 0 -15] [3 0 -11]]","[[2 9] [1 12] [4 0] [0 6] [3 14]]","[[2 14] [1 8] [4 7] [0 5] [3 2]]"
"738","line","5","normal","10","10","[[4 0 -13] [3 0 4] [0 0 -16] [1 0 -7] [2 0 -1]]","[[4 6] [3 0] [0 5] [1 4] [2 26]]","[[4 6] [3 10] [0 7] [1 6] [2 4]]"
"741","line","5","moving-only","10","10","[[2 0 -2] [0 0 15] [1 0 -13] [4 0 -9] [3 0 15]]","[[2 12] [0 9] [1 9] [4 6] [3 5]]","[[2 10] [0 10] [1 10] [4 10] [3 10]]"
"739","line","5","normal","10","10","[[0 0 -14] [1 0 -15] [4 0 -7] [3 0 7] [2 0 7]]","[[0 0] [1 13] [4 5] [3 0] [2 23]]","[[0 3] [1 1] [4 7] [3 3] [2 2]]"
"742","line","5","moving-only","10","10","[[0 0 -6] [4 0 8] [1 0 -16] [3 0 -4] [2 0 -15]]","[[0 5] [4 19] [1 5] [3 7] [2 5]]","[[0 10] [4 10] [1 10] [3 10] [2 10]]"
"732","line","5","normal","10","10","[[0 0 3] [1 0 -16] [3 0 -13] [2 0 -6] [4 0 9]]","[[0 15] [1 4] [3 9] [2 7] [4 6]]","[[0 7] [1 6] [3 3] [2 6] [4 13]]"
"740","line","5","normal","10","10","[[4 0 -8] [3 0 12] [2 0 -12] [1 0 -6] [0 0 14]]","[[4 5] [3 12] [2 9] [1 12] [0 3]]","[[4 1] [3 7] [2 3] [1 2] [0 9]]"
"743","line","5","moving-only","10","10","[[2 0 -9] [1 0 -6] [3 0 5] [0 0 3] [4 0 9]]","[[2 13] [1 6] [3 3] [0 5] [4 14]]","[[2 10] [1 10] [3 10] [0 10] [4 10]]"
"744","line","5","moving-only","10","10","[[1 0 -6] [2 0 15] [3 0 15] [0 0 -6] [4 0 6]]","[[1 10] [2 2] [3 8] [0 10] [4 11]]","[[1 10] [2 10] [3 10] [0 10] [4 10]]"
"745","line","5","moving-only","10","10","[[3 0 3] [2 0 16] [4 0 3] [1 0 14] [0 0 -6]]","[[3 2] [2 5] [4 8] [1 7] [0 19]]","[[3 10] [2 10] [4 10] [1 10] [0 10]]"
"746","line","5","moving-only","10","10","[[4 0 -13] [1 0 0] [0 0 15] [2 0 1] [3 0 15]]","[[4 14] [1 7] [0 7] [2 8] [3 5]]","[[4 10] [1 10] [0 10] [2 10] [3 10]]"
"748","line","5","moving-only","10","10","[[0 0 1] [4 0 -15] [3 0 15] [2 0 19] [1 0 15]]","[[0 15] [4 14] [3 3] [2 3] [1 6]]","[[0 10] [4 10] [3 10] [2 10] [1 10]]"
"749","line","5","moving-only","10","10","[[1 0 16] [3 0 -8] [4 0 16] [2 0 5] [0 0 -9]]","[[1 5] [3 7] [4 5] [2 12] [0 12]]","[[1 10] [3 10] [4 10] [2 10] [0 10]]"
"751","line","5","moving-only","10","10","[[3 0 -14] [4 0 3] [0 0 -13] [1 0 -4] [2 0 11]]","[[3 7] [4 8] [0 5] [1 8] [2 13]]","[[3 10] [4 10] [0 10] [1 10] [2 10]]"
"750","line","5","moving-only","10","10","[[3 0 -15] [0 0 -2] [1 0 12] [4 0 -15] [2 0 13]]","[[3 8] [0 14] [1 7] [4 4] [2 8]]","[[3 10] [0 10] [1 10] [4 10] [2 10]]"
"752","line","5","moving-only","10","10","[[0 0 -9] [4 0 16] [3 0 6] [2 0 -10] [1 0 6]]","[[0 8] [4 9] [3 8] [2 11] [1 5]]","[[0 10] [4 10] [3 10] [2 10] [1 10]]"
"754","line","5","moving-only","10","10","[[3 0 2] [4 0 -12] [2 0 11] [0 0 -12] [1 0 5]]","[[3 8] [4 9] [2 12] [0 7] [1 5]]","[[3 10] [4 10] [2 10] [0 10] [1 10]]"
"753","line","5","moving-only","10","10","[[1 0 14] [4 0 -4] [3 0 -9] [2 0 2] [0 0 13]]","[[1 7] [4 5] [3 14] [2 9] [0 6]]","[[1 10] [4 10] [3 10] [2 10] [0 10]]"
"756","line","5","moving-only","10","10","[[0 0 12] [4 0 -9] [2 0 -5] [1 0 -3] [3 0 5]]","[[0 12] [4 14] [2 2] [1 5] [3 8]]","[[0 10] [4 10] [2 10] [1 10] [3 10]]"
"755","line","5","moving-only","10","10","[[4 0 -12] [2 0 0] [3 0 1] [0 0 7] [1 0 -7]]","[[4 11] [2 4] [3 4] [0 16] [1 6]]","[[4 10] [2 10] [3 10] [0 10] [1 10]]"
"757","line","5","moving-only","10","10","[[3 0 -2] [0 0 11] [1 0 -11] [2 0 -13] [4 0 11]]","[[3 11] [0 5] [1 5] [2 9] [4 11]]","[[3 10] [0 10] [1 10] [2 10] [4 10]]"
"759","line","5","moving-only","10","10","[[3 0 -12] [0 0 -3] [4 0 5] [2 0 6] [1 0 13]]","[[3 13] [0 9] [4 4] [2 4] [1 11]]","[[3 10] [0 10] [4 10] [2 10] [1 10]]"
"747","line","5","moving-only","10","10","[[3 0 -2] [4 0 -14] [2 0 5] [0 0 -3] [1 0 -14]]","[[3 4] [4 6] [2 19] [0 6] [1 6]]","[[3 10] [4 10] [2 10] [0 10] [1 10]]"
"758","line","5","moving-only","10","10","[[3 0 -11] [1 0 -13] [0 0 9] [4 0 -9] [2 0 -5]]","[[3 3] [1 8] [0 18] [4 3] [2 9]]","[[3 10] [1 10] [0 10] [4 10] [2 10]]"
"761","line","5","pricing-only","10","10","[[0 0 -15] [2 0 -11] [4 0 20] [3 0 15] [1 0 -18]]","[[0 13] [2 10] [4 5] [3 13] [1 0]]","[[0 2] [2 6] [4 2] [3 6] [1 6]]"
"760","line","5","moving-only","10","10","[[3 0 -7] [4 0 10] [0 0 -14] [2 0 -15] [1 0 6]]","[[3 10] [4 12] [0 4] [2 6] [1 9]]","[[3 10] [4 10] [0 10] [2 10] [1 10]]"
"763","line","5","pricing-only","10","10","[[4 0 11] [2 0 -6] [0 0 12] [3 0 3] [1 0 15]]","[[4 2] [2 7] [0 13] [3 17] [1 2]]","[[4 2] [2 18] [0 1] [3 9] [1 4]]"
"762","line","5","pricing-only","10","10","[[4 0 8] [2 0 -17] [3 0 20] [0 0 10] [1 0 10]]","[[4 19] [2 10] [3 3] [0 5] [1 4]]","[[4 2] [2 15] [3 6] [0 1] [1 1]]"
"765","line","5","pricing-only","10","10","[[0 0 7] [2 0 -12] [4 0 -15] [3 0 -5] [1 0 11]]","[[0 16] [2 9] [4 6] [3 4] [1 6]]","[[0 4] [2 4] [4 6] [3 9] [1 8]]"
"767","line","5","pricing-only","10","10","[[1 0 0] [0 0 -12] [3 0 16] [4 0 -4] [2 0 -1]]","[[1 7] [0 5] [3 7] [4 12] [2 10]]","[[1 2] [0 11] [3 13] [4 3] [2 1]]"
"766","line","5","pricing-only","10","10","[[2 0 -18] [4 0 -15] [3 0 3] [0 0 -6] [1 0 -12]]","[[2 2] [4 6] [3 9] [0 20] [1 4]]","[[2 6] [4 3] [3 15] [0 6] [1 5]]"
"768","line","5","pricing-only","10","10","[[1 0 -14] [2 0 -4] [0 0 5] [4 0 4] [3 0 18]]","[[1 8] [2 6] [0 8] [4 14] [3 5]]","[[1 17] [2 9] [0 2] [4 1] [3 10]]"
"769","line","5","pricing-only","10","10","[[1 0 12] [2 0 14] [4 0 20] [0 0 18] [3 0 18]]","[[1 33] [2 3] [4 0] [0 2] [3 3]]","[[1 2] [2 1] [4 3] [0 1] [3 1]]"
"770","line","5","pricing-only","10","10","[[0 0 11] [4 0 -11] [1 0 -1] [3 0 9] [2 0 18]]","[[0 8] [4 12] [1 9] [3 9] [2 3]]","[[0 2] [4 15] [1 9] [3 3] [2 8]]"
"764","line","5","pricing-only","10","10","[[2 0 4] [0 0 -13] [3 0 -14] [1 0 5] [4 0 9]]","[[2 5] [0 9] [3 7] [1 8] [4 12]]","[[2 2] [0 2] [3 2] [1 1] [4 4]]"
"771","line","5","pricing-only","10","10","[[3 0 16] [4 0 -7] [1 0 4] [2 0 -4] [0 0 -1]]","[[3 6] [4 6] [1 4] [2 13] [0 12]]","[[3 16] [4 4] [1 7] [2 1] [0 2]]"
"772","line","5","pricing-only","10","10","[[1 0 6] [0 0 3] [4 0 -5] [3 0 -2] [2 0 -12]]","[[1 15] [0 5] [4 14] [3 5] [2 2]]","[[1 4] [0 2] [4 4] [3 2] [2 11]]"
"773","line","5","pricing-only","10","10","[[1 0 -11] [2 0 18] [0 0 -19] [3 0 -12] [4 0 20]]","[[1 15] [2 15] [0 2] [3 7] [4 2]]","[[1 2] [2 2] [0 8] [3 2] [4 1]]"
"775","line","5","pricing-only","10","10","[[0 0 -4] [1 0 19] [4 0 7] [2 0 3] [3 0 -8]]","[[0 8] [1 3] [4 12] [2 5] [3 13]]","[[0 3] [1 14] [4 6] [2 4] [3 6]]"
"774","line","5","pricing-only","10","10","[[0 0 -14] [1 0 -20] [4 0 5] [3 0 -7] [2 0 -19]]","[[0 2] [1 6] [4 18] [3 10] [2 5]]","[[0 7] [1 1] [4 18] [3 12] [2 2]]"
"777","line","5","pricing-only","10","10","[[2 0 18] [0 0 19] [3 0 -15] [1 0 -20] [4 0 14]]","[[2 4] [0 2] [3 6] [1 11] [4 18]]","[[2 1] [0 1] [3 10] [1 5] [4 4]]"
"778","line","5","pricing-only","10","10","[[4 0 19] [0 0 -9] [3 0 -13] [2 0 -4] [1 0 -1]]","[[4 6] [0 9] [3 5] [2 5] [1 16]]","[[4 14] [0 2] [3 6] [2 2] [1 4]]"
"779","line","5","pricing-only","10","10","[[2 0 7] [0 0 15] [1 0 14] [4 0 3] [3 0 -14]]","[[2 7] [0 5] [1 5] [4 13] [3 11]]","[[2 4] [0 4] [1 3] [4 6] [3 14]]"
"780","line","5","pricing-only","10","10","[[4 0 -15] [1 0 20] [2 0 13] [3 0 -18] [0 0 -4]]","[[4 10] [1 4] [2 13] [3 3] [0 11]]","[[4 8] [1 9] [2 9] [3 9] [0 12]]"
"776","line","5","pricing-only","10","10","[[0 0 16] [2 0 -10] [3 0 -4] [4 0 -3] [1 0 -4]]","[[0 7] [2 11] [3 2] [4 17] [1 4]]","[[0 15] [2 6] [3 1] [4 1] [1 1]]"
"781","line","6","normal","10","10","[[5 0 10] [3 0 -8] [0 0 -1] [2 0 7] [4 0 18] [1 0 17]]","[[5 6] [3 13] [0 11] [2 4] [4 0] [1 7]]","[[5 5] [3 12] [0 6] [2 7] [4 7] [1 5]]"
"784","line","6","normal","10","10","[[4 0 -2] [1 0 8] [5 0 10] [3 0 -13] [0 0 18] [2 0 -15]]","[[4 7] [1 3] [5 11] [3 11] [0 5] [2 4]]","[[4 9] [1 6] [5 4] [3 4] [0 7] [2 6]]"
"783","line","6","normal","10","10","[[0 0 7] [3 0 -15] [5 0 -3] [4 0 16] [1 0 0] [2 0 11]]","[[0 4] [3 8] [5 12] [4 0] [1 4] [2 13]]","[[0 6] [3 12] [5 5] [4 10] [1 6] [2 4]]"
"782","line","6","normal","10","10","[[0 0 -13] [5 0 1] [4 0 19] [1 0 16] [3 0 -12] [2 0 13]]","[[0 10] [5 8] [4 2] [1 7] [3 7] [2 7]]","[[0 5] [5 11] [4 5] [1 3] [3 6] [2 6]]"
"785","line","6","normal","10","10","[[0 0 -15] [5 0 1] [3 0 17] [1 0 -1] [2 0 -16] [4 0 16]]","[[0 8] [5 9] [3 8] [1 7] [2 5] [4 4]]","[[0 4] [5 4] [3 2] [1 5] [2 4] [4 3]]"
"787","line","6","normal","10","10","[[4 0 14] [3 0 0] [1 0 -3] [5 0 -9] [2 0 16] [0 0 15]]","[[4 0] [3 23] [1 6] [5 0] [2 8] [0 4]]","[[4 6] [3 2] [1 5] [5 12] [2 3] [0 4]]"
"789","line","6","normal","10","10","[[4 0 15] [0 0 -5] [3 0 -11] [5 0 17] [1 0 5] [2 0 14]]","[[4 1] [0 14] [3 6] [5 4] [1 8] [2 8]]","[[4 3] [0 6] [3 12] [5 4] [1 6] [2 2]]"
"788","line","6","normal","10","10","[[5 0 -11] [4 0 -11] [3 0 12] [0 0 16] [2 0 -1] [1 0 4]]","[[5 0] [4 16] [3 11] [0 2] [2 6] [1 6]]","[[5 3] [4 2] [3 6] [0 10] [2 6] [1 7]]"
"790","line","6","normal","10","10","[[3 0 -18] [2 0 12] [4 0 -17] [5 0 15] [1 0 -10] [0 0 -3]]","[[3 1] [2 11] [4 8] [5 6] [1 7] [0 8]]","[[3 5] [2 10] [4 4] [5 12] [1 7] [0 11]]"
"791","line","6","normal","10","10","[[0 0 7] [2 0 9] [1 0 -9] [5 0 -13] [3 0 15] [4 0 -13]]","[[0 11] [2 12] [1 7] [5 7] [3 0] [4 4]]","[[0 2] [2 3] [1 5] [5 2] [3 10] [4 2]]"
"786","line","6","normal","10","10","[[4 0 -17] [1 0 -3] [2 0 14] [0 0 -15] [3 0 -3] [5 0 4]]","[[4 4] [1 13] [2 7] [0 5] [3 0] [5 12]]","[[4 8] [1 2] [2 13] [0 7] [3 3] [5 4]]"
"792","line","6","normal","10","10","[[3 0 -9] [0 0 15] [1 0 15] [2 0 -14] [5 0 -2] [4 0 -17]]","[[3 6] [0 17] [1 0] [2 10] [5 8] [4 0]]","[[3 6] [0 2] [1 3] [2 3] [5 8] [4 7]]"
"794","line","6","normal","10","10","[[3 0 4] [1 0 -18] [4 0 -4] [2 0 -17] [5 0 -16] [0 0 -6]]","[[3 0] [1 6] [4 11] [2 0] [5 3] [0 21]]","[[3 13] [1 2] [4 4] [2 4] [5 4] [0 2]]"
"793","line","6","normal","10","10","[[4 0 3] [0 0 -6] [3 0 6] [5 0 -5] [1 0 -17] [2 0 -14]]","[[4 7] [0 7] [3 15] [5 2] [1 4] [2 6]]","[[4 4] [0 4] [3 6] [5 5] [1 8] [2 6]]"
"795","line","6","normal","10","10","[[2 0 -5] [4 0 -9] [1 0 7] [3 0 13] [5 0 -8] [0 0 -16]]","[[2 7] [4 0] [1 19] [3 0] [5 15] [0 0]]","[[2 3] [4 3] [1 4] [3 11] [5 1] [0 11]]"
"796","line","6","normal","10","10","[[1 0 7] [5 0 -11] [0 0 14] [3 0 -4] [4 0 -4] [2 0 15]]","[[1 5] [5 10] [0 2] [3 0] [4 14] [2 10]]","[[1 6] [5 8] [0 3] [3 3] [4 2] [2 2]]"
"798","line","6","normal","10","10","[[1 0 13] [3 0 -16] [2 0 -1] [0 0 11] [5 0 -4] [4 0 -9]]","[[1 9] [3 7] [2 9] [0 6] [5 4] [4 6]]","[[1 5] [3 9] [2 4] [0 5] [5 5] [4 7]]"
"801","line","6","moving-only","10","10","[[2 0 16] [4 0 -16] [3 0 9] [1 0 -16] [5 0 11] [0 0 -3]]","[[2 7] [4 4] [3 7] [1 7] [5 4] [0 12]]","[[2 10] [4 10] [3 10] [1 10] [5 10] [0 10]]"
"802","line","6","moving-only","10","10","[[4 0 -10] [2 0 17] [1 0 -4] [5 0 -12] [0 0 8] [3 0 -9]]","[[4 1] [2 8] [1 9] [5 10] [0 10] [3 3]]","[[4 10] [2 10] [1 10] [5 10] [0 10] [3 10]]"
"797","line","6","normal","10","10","[[1 0 6] [2 0 -17] [4 0 16] [5 0 8] [0 0 -1] [3 0 -18]]","[[1 8] [2 7] [4 6] [5 7] [0 7] [3 6]]","[[1 3] [2 6] [4 8] [5 3] [0 9] [3 5]]"
"803","line","6","moving-only","10","10","[[1 0 -11] [2 0 -17] [4 0 11] [3 0 -1] [0 0 12] [5 0 -11]]","[[1 7] [2 6] [4 6] [3 11] [0 9] [5 2]]","[[1 10] [2 10] [4 10] [3 10] [0 10] [5 10]]"
"799","line","6","normal","10","10","[[0 0 -8] [3 0 5] [5 0 15] [1 0 16] [4 0 -10] [2 0 7]]","[[0 8] [3 4] [5 4] [1 5] [4 12] [2 8]]","[[0 2] [3 4] [5 3] [1 3] [4 2] [2 2]]"
"800","line","6","normal","10","10","[[2 0 3] [5 0 -18] [3 0 -12] [0 0 15] [1 0 3] [4 0 -11]]","[[2 0] [5 3] [3 6] [0 7] [1 17] [4 8]]","[[2 3] [5 7] [3 2] [0 12] [1 2] [4 2]]"
"804","line","6","moving-only","10","10","[[2 0 -4] [3 0 -6] [4 0 -3] [1 0 0] [0 0 2] [5 0 5]]","[[2 2] [3 15] [4 2] [1 3] [0 2] [5 17]]","[[2 10] [3 10] [4 10] [1 10] [0 10] [5 10]]"
"805","line","6","moving-only","10","10","[[5 0 -11] [4 0 -11] [3 0 -6] [2 0 6] [1 0 2] [0 0 -5]]","[[5 6] [4 6] [3 3] [2 16] [1 6] [0 4]]","[[5 10] [4 10] [3 10] [2 10] [1 10] [0 10]]"
"807","line","6","moving-only","10","10","[[4 0 -14] [1 0 -13] [2 0 -1] [3 0 -3] [5 0 2] [0 0 6]]","[[4 7] [1 6] [2 3] [3 5] [5 4] [0 16]]","[[4 10] [1 10] [2 10] [3 10] [5 10] [0 10]]"
"808","line","6","moving-only","10","10","[[1 0 10] [5 0 -17] [2 0 3] [3 0 -17] [0 0 7] [4 0 -12]]","[[1 12] [5 4] [2 10] [3 2] [0 3] [4 10]]","[[1 10] [5 10] [2 10] [3 10] [0 10] [4 10]]"
"809","line","6","moving-only","10","10","[[0 0 9] [1 0 12] [5 0 -11] [3 0 -9] [2 0 -2] [4 0 -7]]","[[0 7] [1 10] [5 10] [3 3] [2 8] [4 3]]","[[0 10] [1 10] [5 10] [3 10] [2 10] [4 10]]"
"806","line","6","moving-only","10","10","[[2 0 1] [1 0 -8] [3 0 6] [0 0 -11] [4 0 0] [5 0 -8]]","[[2 3] [1 2] [3 17] [0 11] [4 4] [5 4]]","[[2 10] [1 10] [3 10] [0 10] [4 10] [5 10]]"
"810","line","6","moving-only","10","10","[[3 0 -3] [5 0 3] [0 0 5] [2 0 3] [4 0 -3] [1 0 13]]","[[3 13] [5 0] [0 6] [2 3] [4 8] [1 11]]","[[3 10] [5 10] [0 10] [2 10] [4 10] [1 10]]"
"811","line","6","moving-only","10","10","[[3 0 -15] [5 0 15] [4 0 -7] [0 0 14] [2 0 7] [1 0 -8]]","[[3 9] [5 6] [4 8] [0 4] [2 10] [1 4]]","[[3 10] [5 10] [4 10] [0 10] [2 10] [1 10]]"
"812","line","6","moving-only","10","10","[[4 0 2] [0 0 11] [3 0 -3] [5 0 -7] [2 0 -14] [1 0 11]]","[[4 7] [0 8] [3 5] [5 5] [2 10] [1 6]]","[[4 10] [0 10] [3 10] [5 10] [2 10] [1 10]]"
"813","line","6","moving-only","10","10","[[2 0 1] [3 0 6] [4 0 -12] [5 0 16] [0 0 14] [1 0 -14]]","[[2 9] [3 6] [4 7] [5 6] [0 5] [1 8]]","[[2 10] [3 10] [4 10] [5 10] [0 10] [1 10]]"
"816","line","6","moving-only","10","10","[[4 0 14] [5 0 -4] [0 0 -5] [3 0 -15] [1 0 14] [2 0 3]]","[[4 5] [5 4] [0 6] [3 10] [1 7] [2 9]]","[[4 10] [5 10] [0 10] [3 10] [1 10] [2 10]]"
"818","line","6","moving-only","10","10","[[5 0 18] [1 0 12] [3 0 -12] [0 0 18] [2 0 6] [4 0 11]]","[[5 2] [1 3] [3 18] [0 4] [2 11] [4 3]]","[[5 10] [1 10] [3 10] [0 10] [2 10] [4 10]]"
"817","line","6","moving-only","10","10","[[0 0 16] [3 0 1] [2 0 7] [5 0 7] [1 0 -11] [4 0 16]]","[[0 3] [3 9] [2 1] [5 7] [1 15] [4 6]]","[[0 10] [3 10] [2 10] [5 10] [1 10] [4 10]]"
"819","line","6","moving-only","10","10","[[0 0 0] [4 0 -14] [2 0 15] [3 0 0] [1 0 -14] [5 0 15]]","[[0 8] [4 8] [2 8] [3 7] [1 5] [5 5]]","[[0 10] [4 10] [2 10] [3 10] [1 10] [5 10]]"
"815","line","6","moving-only","10","10","[[4 0 -12] [1 0 18] [0 0 12] [5 0 5] [3 0 -12] [2 0 17]]","[[4 8] [1 3] [0 6] [5 12] [3 9] [2 3]]","[[4 10] [1 10] [0 10] [5 10] [3 10] [2 10]]"
"820","line","6","moving-only","10","10","[[0 0 2] [3 0 -12] [1 0 5] [5 0 2] [4 0 -13] [2 0 2]]","[[0 3] [3 8] [1 17] [5 0] [4 8] [2 5]]","[[0 10] [3 10] [1 10] [5 10] [4 10] [2 10]]"
"821","line","6","pricing-only","10","10","[[2 0 -2] [4 0 -9] [1 0 -4] [5 0 -17] [3 0 3] [0 0 14]]","[[2 5] [4 1] [1 12] [5 5] [3 9] [0 9]]","[[2 5] [4 9] [1 4] [5 13] [3 9] [0 16]]"
"823","line","6","pricing-only","10","10","[[2 0 18] [4 0 16] [3 0 -18] [1 0 -8] [0 0 -8] [5 0 -7]]","[[2 12] [4 2] [3 4] [1 4] [0 5] [5 14]]","[[2 3] [4 5] [3 8] [1 1] [0 1] [5 1]]"
"822","line","6","pricing-only","10","10","[[2 0 2] [5 0 -19] [0 0 -1] [3 0 12] [1 0 2] [4 0 -10]]","[[2 5] [5 6] [0 8] [3 9] [1 7] [4 6]]","[[2 1] [5 9] [0 3] [3 10] [1 1] [4 8]]"
"825","line","6","pricing-only","10","10","[[0 0 -8] [3 0 6] [5 0 -1] [1 0 -4] [2 0 -2] [4 0 -16]]","[[0 8] [3 4] [5 18] [1 4] [2 2] [4 5]]","[[0 5] [3 8] [5 1] [1 2] [2 1] [4 12]]"
"826","line","6","pricing-only","10","10","[[2 0 7] [4 0 -15] [0 0 12] [3 0 16] [5 0 -14] [1 0 11]]","[[2 10] [4 6] [0 7] [3 2] [5 12] [1 4]]","[[2 4] [4 2] [0 1] [3 5] [5 2] [1 1]]"
"827","line","6","pricing-only","10","10","[[1 0 14] [5 0 17] [3 0 5] [0 0 8] [2 0 -10] [4 0 7]]","[[1 3] [5 4] [3 8] [0 5] [2 11] [4 10]]","[[1 6] [5 7] [3 3] [0 2] [2 17] [4 1]]"
"828","line","6","pricing-only","10","10","[[5 0 16] [0 0 -2] [2 0 -16] [4 0 -19] [3 0 -19] [1 0 -3]]","[[5 7] [0 16] [2 7] [4 2] [3 2] [1 7]]","[[5 14] [0 2] [2 3] [4 1] [3 1] [1 2]]"
"824","line","6","pricing-only","10","10","[[5 0 20] [2 0 10] [4 0 -14] [1 0 20] [0 0 18] [3 0 -10]]","[[5 1] [2 5] [4 8] [1 1] [0 15] [3 11]]","[[5 1] [2 10] [4 13] [1 1] [0 2] [3 12]]"
"829","line","6","pricing-only","10","10","[[0 0 -6] [4 0 15] [3 0 18] [2 0 8] [5 0 -4] [1 0 -17]]","[[0 9] [4 7] [3 3] [2 8] [5 8] [1 6]]","[[0 6] [4 6] [3 7] [2 8] [5 6] [1 12]]"
"830","line","6","pricing-only","10","10","[[0 0 12] [3 0 0] [1 0 20] [4 0 10] [5 0 3] [2 0 14]]","[[0 5] [3 21] [1 2] [4 4] [5 6] [2 3]]","[[0 2] [3 4] [1 6] [4 3] [5 2] [2 4]]"
"831","line","6","pricing-only","10","10","[[0 0 -9] [2 0 4] [4 0 15] [3 0 -17] [1 0 -3] [5 0 6]]","[[0 9] [2 7] [4 5] [3 5] [1 5] [5 10]]","[[0 7] [2 2] [4 12] [3 12] [1 6] [5 3]]"
"832","line","6","pricing-only","10","10","[[3 0 9] [1 0 11] [0 0 -3] [5 0 -17] [4 0 17] [2 0 -2]]","[[3 5] [1 7] [0 13] [5 5] [4 4] [2 7]]","[[3 4] [1 3] [0 2] [5 13] [4 8] [2 2]]"
"834","line","6","pricing-only","10","10","[[4 0 -18] [5 0 -6] [1 0 -13] [0 0 -11] [2 0 -1] [3 0 -11]]","[[4 2] [5 6] [1 6] [0 2] [2 22] [3 3]]","[[4 7] [5 2] [1 2] [0 1] [2 6] [3 1]]"
"835","line","6","pricing-only","10","10","[[0 0 15] [3 0 -13] [2 0 -6] [5 0 -2] [4 0 -11] [1 0 19]]","[[0 2] [3 3] [2 6] [5 10] [4 9] [1 11]]","[[0 8] [3 5] [2 2] [5 5] [4 3] [1 4]]"
"836","line","6","pricing-only","10","10","[[3 0 16] [1 0 3] [2 0 20] [5 0 -20] [4 0 -12] [0 0 1]]","[[3 8] [1 12] [2 2] [5 4] [4 10] [0 5]]","[[3 7] [1 4] [2 7] [5 10] [4 9] [0 6]]"
"837","line","6","pricing-only","10","10","[[4 0 -10] [0 0 -14] [3 0 -13] [1 0 8] [2 0 9] [5 0 -18]]","[[4 4] [0 4] [3 8] [1 5] [2 17] [5 3]]","[[4 4] [0 2] [3 1] [1 3] [2 2] [5 4]]"
"838","line","6","pricing-only","10","10","[[3 0 -9] [1 0 0] [0 0 13] [5 0 -12] [4 0 -8] [2 0 10]]","[[3 9] [1 5] [0 8] [5 7] [4 3] [2 9]]","[[3 1] [1 7] [0 5] [5 4] [4 2] [2 3]]"
"833","line","6","pricing-only","10","10","[[2 0 -16] [5 0 -3] [3 0 -4] [4 0 0] [0 0 3] [1 0 -11]]","[[2 5] [5 2] [3 5] [4 13] [0 9] [1 7]]","[[2 8] [5 2] [3 2] [4 2] [0 5] [1 4]]"
"839","line","6","pricing-only","10","10","[[4 0 -11] [1 0 10] [5 0 3] [0 0 -6] [2 0 -18] [3 0 15]]","[[4 11] [1 10] [5 5] [0 6] [2 3] [3 6]]","[[4 6] [1 8] [5 12] [0 10] [2 12] [3 12]]"
"840","line","6","pricing-only","10","10","[[1 0 4] [4 0 -14] [5 0 -14] [3 0 -8] [0 0 -14] [2 0 2]]","[[1 17] [4 4] [5 5] [3 4] [0 3] [2 8]]","[[1 3] [4 1] [5 1] [3 6] [0 1] [2 2]]"
"841","line","7","normal","10","10","[[0 0 -17] [3 0 11] [5 0 -7] [6 0 -16] [4 0 -9] [1 0 8] [2 0 16]]","[[0 4] [3 7] [5 8] [6 4] [4 5] [1 8] [2 5]]","[[0 3] [3 3] [5 5] [6 3] [4 4] [1 4] [2 7]]"
"844","line","7","normal","10","10","[[0 0 11] [4 0 -17] [5 0 -18] [3 0 -11] [6 0 -1] [2 0 12] [1 0 -10]]","[[0 9] [4 3] [5 3] [3 4] [6 6] [2 9] [1 7]]","[[0 3] [4 5] [5 5] [3 3] [6 7] [2 3] [1 3]]"
"842","line","7","normal","10","10","[[4 0 6] [1 0 -7] [3 0 17] [6 0 15] [5 0 -3] [0 0 5] [2 0 -13]]","[[4 5] [1 5] [3 0] [6 9] [5 8] [0 6] [2 8]]","[[4 3] [1 7] [3 8] [6 5] [5 3] [0 2] [2 12]]"
"845","line","7","normal","10","10","[[1 0 -2] [6 0 -8] [4 0 14] [2 0 -5] [5 0 -17] [0 0 -16] [3 0 7]]","[[1 4] [6 4] [4 0] [2 5] [5 4] [0 5] [3 19]]","[[1 6] [6 5] [4 13] [2 4] [5 5] [0 5] [3 5]]"
"843","line","7","normal","10","10","[[2 0 -14] [5 0 17] [3 0 -8] [6 0 3] [4 0 -14] [1 0 4] [0 0 15]]","[[2 11] [5 4] [3 6] [6 7] [4 0] [1 8] [0 5]]","[[2 2] [5 6] [3 5] [6 2] [4 3] [1 2] [0 5]]"
"846","line","7","normal","10","10","[[5 0 9] [6 0 -2] [2 0 -15] [1 0 14] [0 0 -13] [3 0 -3] [4 0 15]]","[[5 6] [6 7] [2 6] [1 4] [0 6] [3 6] [4 6]]","[[5 5] [6 2] [2 3] [1 3] [0 3] [3 2] [4 3]]"
"848","line","7","normal","10","10","[[1 0 5] [4 0 5] [3 0 16] [5 0 -9] [6 0 -16] [0 0 14] [2 0 -8]]","[[1 4] [4 7] [3 5] [5 0] [6 4] [0 6] [2 15]]","[[1 2] [4 2] [3 2] [5 5] [6 11] [0 2] [2 3]]"
"847","line","7","normal","10","10","[[1 0 13] [2 0 7] [6 0 17] [5 0 3] [3 0 10] [4 0 -5] [0 0 -11]]","[[1 2] [2 1] [6 2] [5 5] [3 11] [4 20] [0 0]]","[[1 5] [2 5] [6 9] [5 5] [3 2] [4 5] [0 12]]"
"849","line","7","normal","10","10","[[2 0 13] [3 0 -9] [5 0 -17] [0 0 -9] [4 0 13] [6 0 4] [1 0 -1]]","[[2 5] [3 13] [5 4] [0 0] [4 8] [6 6] [1 5]]","[[2 2] [3 2] [5 9] [0 3] [4 2] [6 4] [1 4]]"
"851","line","7","normal","10","10","[[3 0 12] [2 0 4] [5 0 -13] [6 0 -3] [0 0 -14] [1 0 18] [4 0 15]]","[[3 6] [2 7] [5 12] [6 6] [0 3] [1 3] [4 4]]","[[3 6] [2 7] [5 1] [6 6] [0 2] [1 7] [4 5]]"
"853","line","7","normal","10","10","[[4 0 -7] [3 0 -6] [6 0 -16] [5 0 12] [2 0 4] [0 0 -1] [1 0 -16]]","[[4 4] [3 4] [6 0] [5 9] [2 8] [0 6] [1 10]]","[[4 3] [3 3] [6 2] [5 15] [2 9] [0 6] [1 1]]"
"852","line","7","normal","10","10","[[1 0 0] [2 0 -19] [6 0 16] [5 0 -14] [0 0 17] [4 0 10] [3 0 2]]","[[1 10] [2 2] [6 8] [5 10] [0 0] [4 5] [3 6]]","[[1 2] [2 10] [6 5] [5 6] [0 7] [4 5] [3 2]]"
"854","line","7","normal","10","10","[[1 0 -15] [3 0 9] [4 0 -9] [6 0 -8] [5 0 6] [0 0 14] [2 0 16]]","[[1 6] [3 3] [4 6] [6 9] [5 7] [0 5] [2 5]]","[[1 6] [3 5] [4 2] [6 2] [5 6] [0 4] [2 4]]"
"850","line","7","normal","10","10","[[3 0 -7] [0 0 14] [6 0 16] [1 0 -12] [4 0 -10] [2 0 4] [5 0 -18]]","[[3 0] [0 7] [6 5] [1 3] [4 14] [2 8] [5 4]]","[[3 6] [0 7] [6 8] [1 4] [4 2] [2 9] [5 6]]"
"855","line","7","normal","10","10","[[0 0 1] [6 0 -11] [5 0 15] [4 0 -15] [1 0 8] [2 0 15] [3 0 1]]","[[0 7] [6 9] [5 0] [4 6] [1 5] [2 9] [3 5]]","[[0 2] [6 3] [5 7] [4 6] [1 6] [2 6] [3 2]]"
"856","line","7","normal","10","10","[[4 0 -1] [3 0 -15] [5 0 10] [0 0 14] [2 0 -12] [1 0 -2] [6 0 -10]]","[[4 4] [3 6] [5 6] [0 8] [2 4] [1 9] [6 4]]","[[4 4] [3 5] [5 7] [0 8] [2 3] [1 3] [6 4]]"
"814","line","6","moving-only","10","10","[[4 0 -5] [2 0 8] [1 0 -15] [0 0 1] [5 0 -14] [3 0 1]]","[[4 8] [2 16] [1 6] [0 3] [5 5] [3 3]]","[[4 10] [2 10] [1 10] [0 10] [5 10] [3 10]]"
"858","line","7","normal","10","10","[[1 0 -15] [5 0 -2] [6 0 8] [0 0 16] [2 0 -10] [3 0 9] [4 0 -14]]","[[1 0] [5 6] [6 7] [0 5] [2 7] [3 7] [4 9]]","[[1 6] [5 8] [6 5] [0 10] [2 5] [3 5] [4 4]]"
"857","line","7","normal","10","10","[[2 0 5] [1 0 -4] [0 0 -3] [6 0 -13] [3 0 13] [5 0 13] [4 0 -13]]","[[2 6] [1 5] [0 5] [6 12] [3 7] [5 6] [4 0]]","[[2 6] [1 4] [0 4] [6 4] [3 3] [5 3] [4 5]]"
"861","line","7","moving-only","10","10","[[5 0 15] [4 0 15] [0 0 6] [2 0 -8] [6 0 -15] [3 0 -16] [1 0 5]]","[[5 3] [4 7] [0 5] [2 10] [6 4] [3 5] [1 7]]","[[5 10] [4 10] [0 10] [2 10] [6 10] [3 10] [1 10]]"
"862","line","7","moving-only","10","10","[[2 0 0] [1 0 -11] [4 0 13] [0 0 -17] [5 0 -15] [6 0 14] [3 0 1]]","[[2 6] [1 7] [4 6] [0 5] [5 3] [6 7] [3 7]]","[[2 10] [1 10] [4 10] [0 10] [5 10] [6 10] [3 10]]"
"864","line","7","moving-only","10","10","[[1 0 15] [4 0 -1] [2 0 -1] [3 0 6] [6 0 13] [0 0 -5] [5 0 3]]","[[1 7] [4 2] [2 2] [3 5] [6 4] [0 18] [5 3]]","[[1 10] [4 10] [2 10] [3 10] [6 10] [0 10] [5 10]]"
"863","line","7","moving-only","10","10","[[3 0 14] [1 0 6] [4 0 16] [2 0 -14] [0 0 -11] [6 0 16] [5 0 -3]]","[[3 6] [1 8] [4 2] [2 8] [0 5] [6 3] [5 9]]","[[3 10] [1 10] [4 10] [2 10] [0 10] [6 10] [5 10]]"
"860","line","7","normal","10","10","[[0 0 -5] [2 0 15] [4 0 4] [3 0 1] [1 0 -16] [5 0 -15] [6 0 14]]","[[0 5] [2 6] [4 4] [3 7] [1 11] [5 1] [6 7]]","[[0 6] [2 2] [4 4] [3 3] [1 3] [5 4] [6 2]]"
"859","line","7","normal","10","10","[[3 0 7] [6 0 -3] [5 0 -6] [1 0 11] [4 0 -16] [2 0 15] [0 0 16]]","[[3 6] [6 8] [5 9] [1 4] [4 6] [2 3] [0 5]]","[[3 6] [6 5] [5 7] [1 4] [4 13] [2 3] [0 3]]"
"866","line","7","moving-only","10","10","[[0 0 -15] [1 0 11] [3 0 2] [4 0 14] [2 0 -15] [5 0 -4] [6 0 14]]","[[0 6] [1 6] [3 7] [4 1] [2 5] [5 9] [6 7]]","[[0 10] [1 10] [3 10] [4 10] [2 10] [5 10] [6 10]]"
"865","line","7","moving-only","10","10","[[6 0 -11] [0 0 14] [4 0 7] [3 0 6] [1 0 -15] [2 0 15] [5 0 -8]]","[[6 3] [0 4] [4 4] [3 8] [1 8] [2 6] [5 8]]","[[6 10] [0 10] [4 10] [3 10] [1 10] [2 10] [5 10]]"
"868","line","7","moving-only","10","10","[[5 0 10] [0 0 -16] [4 0 -16] [1 0 -2] [2 0 -11] [6 0 12] [3 0 -2]]","[[5 6] [0 4] [4 3] [1 7] [2 7] [6 10] [3 4]]","[[5 10] [0 10] [4 10] [1 10] [2 10] [6 10] [3 10]]"
"869","line","7","moving-only","10","10","[[4 0 1] [5 0 -7] [3 0 -1] [1 0 -15] [0 0 -6] [2 0 -14] [6 0 3]]","[[4 3] [5 4] [3 3] [1 6] [0 3] [2 4] [6 18]]","[[4 10] [5 10] [3 10] [1 10] [0 10] [2 10] [6 10]]"
"867","line","7","moving-only","10","10","[[4 0 -3] [0 0 -6] [1 0 -6] [3 0 1] [2 0 14] [5 0 9] [6 0 14]]","[[4 3] [0 8] [1 8] [3 6] [2 4] [5 7] [6 5]]","[[4 10] [0 10] [1 10] [3 10] [2 10] [5 10] [6 10]]"
"870","line","7","moving-only","10","10","[[1 0 5] [6 0 7] [0 0 17] [5 0 13] [4 0 13] [3 0 -9] [2 0 0]]","[[1 4] [6 4] [0 5] [5 1] [4 4] [3 16] [2 7]]","[[1 10] [6 10] [0 10] [5 10] [4 10] [3 10] [2 10]]"
"871","line","7","moving-only","10","10","[[4 0 -8] [0 0 3] [2 0 -9] [5 0 13] [3 0 -10] [1 0 -6] [6 0 12]]","[[4 1] [0 9] [2 1] [5 8] [3 11] [1 6] [6 5]]","[[4 10] [0 10] [2 10] [5 10] [3 10] [1 10] [6 10]]"
"872","line","7","moving-only","10","10","[[6 0 -1] [3 0 13] [2 0 -14] [1 0 -1] [4 0 -1] [5 0 -17] [0 0 -18]]","[[6 4] [3 15] [2 8] [1 6] [4 3] [5 2] [0 3]]","[[6 10] [3 10] [2 10] [1 10] [4 10] [5 10] [0 10]]"
"874","line","7","moving-only","10","10","[[4 0 8] [5 0 15] [2 0 6] [0 0 14] [6 0 2] [1 0 -14] [3 0 -13]]","[[4 4] [5 6] [2 4] [0 3] [6 9] [1 7] [3 8]]","[[4 10] [5 10] [2 10] [0 10] [6 10] [1 10] [3 10]]"
"873","line","7","moving-only","10","10","[[4 0 8] [3 0 -7] [6 0 2] [5 0 -3] [0 0 14] [1 0 8] [2 0 -4]]","[[4 5] [3 15] [6 5] [5 3] [0 9] [1 2] [2 2]]","[[4 10] [3 10] [6 10] [5 10] [0 10] [1 10] [2 10]]"
"875","line","7","moving-only","10","10","[[2 0 3] [6 0 -10] [3 0 -1] [1 0 -4] [5 0 3] [4 0 0] [0 0 -13]]","[[2 7] [6 4] [3 2] [1 5] [5 12] [4 2] [0 9]]","[[2 10] [6 10] [3 10] [1 10] [5 10] [4 10] [0 10]]"
"877","line","7","moving-only","10","10","[[1 0 -11] [6 0 -4] [2 0 -4] [0 0 3] [4 0 -11] [3 0 -14] [5 0 3]]","[[1 3] [6 2] [2 5] [0 8] [4 2] [3 8] [5 13]]","[[1 10] [6 10] [2 10] [0 10] [4 10] [3 10] [5 10]]"
"878","line","7","moving-only","10","10","[[0 0 12] [5 0 5] [4 0 -4] [3 0 -4] [2 0 9] [6 0 5] [1 0 -13]]","[[0 10] [5 4] [4 4] [3 5] [2 3] [6 3] [1 12]]","[[0 10] [5 10] [4 10] [3 10] [2 10] [6 10] [1 10]]"
"879","line","7","moving-only","10","10","[[4 0 -1] [0 0 -10] [5 0 -18] [1 0 16] [2 0 -10] [6 0 -13] [3 0 -18]]","[[4 13] [0 5] [5 3] [1 13] [2 1] [6 4] [3 2]]","[[4 10] [0 10] [5 10] [1 10] [2 10] [6 10] [3 10]]"
"880","line","7","moving-only","10","10","[[4 0 16] [5 0 14] [3 0 -16] [1 0 4] [0 0 -3] [2 0 -17] [6 0 -11]]","[[4 5] [5 6] [3 3] [1 9] [0 8] [2 4] [6 6]]","[[4 10] [5 10] [3 10] [1 10] [0 10] [2 10] [6 10]]"
"881","line","7","pricing-only","10","10","[[6 0 11] [1 0 13] [2 0 -7] [0 0 -6] [5 0 5] [3 0 -10] [4 0 -13]]","[[6 10] [1 4] [2 2] [0 8] [5 5] [3 4] [4 8]]","[[6 2] [1 4] [2 2] [0 2] [5 6] [3 2] [4 4]]"
"882","line","7","pricing-only","10","10","[[5 0 -13] [3 0 9] [2 0 -11] [6 0 1] [4 0 -15] [0 0 16] [1 0 -15]]","[[5 7] [3 8] [2 4] [6 8] [4 2] [0 7] [1 5]]","[[5 2] [3 9] [2 4] [6 8] [4 1] [0 12] [1 1]]"
"883","line","7","pricing-only","10","10","[[0 0 -5] [4 0 17] [1 0 2] [6 0 -10] [2 0 -4] [3 0 2] [5 0 4]]","[[0 13] [4 5] [1 9] [6 3] [2 4] [3 0] [5 7]]","[[0 1] [4 12] [1 1] [6 6] [2 1] [3 2] [5 3]]"
"884","line","7","pricing-only","10","10","[[2 0 4] [1 0 13] [3 0 17] [6 0 20] [5 0 11] [4 0 -8] [0 0 -6]]","[[2 4] [1 4] [3 4] [6 1] [5 6] [4 13] [0 9]]","[[2 8] [1 5] [3 6] [6 8] [5 5] [4 4] [0 3]]"
"876","line","7","moving-only","10","10","[[0 0 8] [3 0 4] [4 0 14] [6 0 -15] [5 0 -4] [1 0 14] [2 0 -15]]","[[0 5] [3 5] [4 5] [6 8] [5 10] [1 5] [2 3]]","[[0 10] [3 10] [4 10] [6 10] [5 10] [1 10] [2 10]]"
"885","line","7","pricing-only","10","10","[[3 0 -16] [4 0 -19] [0 0 -5] [2 0 19] [1 0 17] [6 0 16] [5 0 -17]]","[[3 0] [4 0] [0 8] [2 2] [1 9] [6 8] [5 14]]","[[3 3] [4 3] [0 9] [2 3] [1 1] [6 2] [5 1]]"
"886","line","7","pricing-only","10","10","[[0 0 14] [3 0 -1] [5 0 -10] [4 0 -19] [1 0 7] [6 0 14] [2 0 0]]","[[0 4] [3 8] [5 6] [4 6] [1 4] [6 8] [2 5]]","[[0 1] [3 2] [5 8] [4 9] [1 4] [6 1] [2 2]]"
"888","line","7","pricing-only","10","10","[[6 0 20] [0 0 7] [2 0 -18] [5 0 20] [3 0 14] [4 0 16] [1 0 -14]]","[[6 2] [0 11] [2 14] [5 2] [3 4] [4 5] [1 3]]","[[6 2] [0 12] [2 8] [5 2] [3 7] [4 5] [1 12]]"
"887","line","7","pricing-only","10","10","[[2 0 -16] [0 0 -8] [3 0 5] [5 0 -6] [4 0 -20] [6 0 5] [1 0 5]]","[[2 7] [0 5] [3 7] [5 5] [4 1] [6 7] [1 9]]","[[2 6] [0 5] [3 1] [5 4] [4 10] [6 1] [1 1]]"
"889","line","7","pricing-only","10","10","[[4 0 10] [0 0 -20] [5 0 10] [3 0 2] [2 0 6] [6 0 14] [1 0 18]]","[[4 0] [0 7] [5 6] [3 16] [2 5] [6 4] [1 3]]","[[4 1] [0 14] [5 1] [3 5] [2 2] [6 4] [1 7]]"
"892","line","7","pricing-only","10","10","[[3 0 -19] [2 0 -7] [4 0 16] [1 0 -13] [6 0 7] [0 0 14] [5 0 15]]","[[3 4] [2 9] [4 5] [1 7] [6 8] [0 5] [5 3]]","[[3 9] [2 9] [4 2] [1 8] [6 8] [0 3] [5 2]]"
"891","line","7","pricing-only","10","10","[[4 0 -17] [1 0 13] [3 0 -17] [2 0 7] [0 0 -8] [6 0 4] [5 0 11]]","[[4 6] [1 8] [3 5] [2 5] [0 6] [6 8] [5 3]]","[[4 1] [1 4] [3 1] [2 2] [0 7] [6 4] [5 3]]"
"890","line","7","pricing-only","10","10","[[4 0 -4] [0 0 15] [6 0 -18] [3 0 5] [5 0 0] [2 0 -3] [1 0 -9]]","[[4 4] [0 9] [6 5] [3 2] [5 7] [2 12] [1 2]]","[[4 2] [0 12] [6 11] [3 9] [5 4] [2 1] [1 7]]"
"894","line","7","pricing-only","10","10","[[5 0 -9] [4 0 11] [1 0 -11] [6 0 -20] [3 0 -8] [0 0 -2] [2 0 5]]","[[5 2] [4 10] [1 9] [6 1] [3 6] [0 5] [2 8]]","[[5 1] [4 12] [1 2] [6 10] [3 1] [0 6] [2 8]]"
"893","line","7","pricing-only","10","10","[[1 0 17] [0 0 12] [3 0 -3] [6 0 -19] [5 0 -18] [2 0 -12] [4 0 20]]","[[1 6] [0 10] [3 10] [6 4] [5 4] [2 6] [4 1]]","[[1 6] [0 8] [3 10] [6 2] [5 3] [2 8] [4 9]]"
"895","line","7","pricing-only","10","10","[[0 0 -9] [1 0 17] [3 0 10] [2 0 -7] [4 0 20] [5 0 4] [6 0 -10]]","[[0 11] [1 3] [3 5] [2 7] [4 5] [5 7] [6 3]]","[[0 1] [1 5] [3 7] [2 3] [4 2] [5 7] [6 2]]"
"896","line","7","pricing-only","10","10","[[0 0 -20] [2 0 10] [1 0 16] [3 0 -9] [4 0 0] [6 0 -17] [5 0 -5]]","[[0 2] [2 8] [1 7] [3 5] [4 7] [6 6] [5 6]]","[[0 8] [2 10] [1 11] [3 7] [4 8] [6 7] [5 6]]"
"897","line","7","pricing-only","10","10","[[4 0 -20] [6 0 15] [1 0 13] [2 0 12] [3 0 16] [5 0 -2] [0 0 -13]]","[[4 4] [6 3] [1 14] [2 0] [3 3] [5 8] [0 9]]","[[4 8] [6 2] [1 1] [2 3] [3 3] [5 10] [0 9]]"
"899","line","7","pricing-only","10","10","[[4 0 -9] [0 0 2] [2 0 -16] [1 0 -11] [3 0 -17] [6 0 2] [5 0 18]]","[[4 6] [0 7] [2 3] [1 3] [3 4] [6 12] [5 6]]","[[4 3] [0 1] [2 2] [1 3] [3 2] [6 1] [5 10]]"
"900","line","7","pricing-only","10","10","[[0 0 -14] [5 0 1] [3 0 12] [1 0 -1] [4 0 8] [6 0 -2] [2 0 19]]","[[0 8] [5 6] [3 6] [1 2] [4 4] [6 11] [2 4]]","[[0 11] [5 3] [3 7] [1 2] [4 6] [6 2] [2 9]]"
"898","line","7","pricing-only","10","10","[[4 0 5] [2 0 1] [5 0 0] [1 0 18] [3 0 12] [0 0 -16] [6 0 6]]","[[4 6] [2 2] [5 14] [1 4] [3 5] [0 7] [6 3]]","[[4 2] [2 2] [5 2] [1 9] [3 7] [0 14] [6 3]]"
"901","line","8","normal","10","10","[[1 0 -17] [5 0 -2] [6 0 2] [4 0 11] [3 0 13] [0 0 -14] [2 0 -10] [7 0 18]]","[[1 5] [5 5] [6 5] [4 7] [3 5] [0 5] [2 5] [7 4]]","[[1 3] [5 7] [6 6] [4 3] [3 3] [0 3] [2 6] [7 6]]"
"903","line","8","normal","10","10","[[1 0 16] [7 0 18] [2 0 -15] [0 0 2] [3 0 19] [6 0 -1] [4 0 -16] [5 0 9]]","[[1 6] [7 1] [2 13] [0 7] [3 2] [6 7] [4 0] [5 5]]","[[1 4] [7 5] [2 5] [0 4] [3 5] [6 6] [4 7] [5 6]]"
"902","line","8","normal","10","10","[[5 0 9] [2 0 -1] [0 0 7] [1 0 1] [3 0 -11] [7 0 18] [6 0 -15] [4 0 17]]","[[5 6] [2 4] [0 4] [1 4] [3 10] [7 0] [6 6] [4 7]]","[[5 3] [2 6] [0 3] [1 5] [3 4] [7 6] [6 7] [4 4]]"
"904","line","8","normal","10","10","[[6 0 -3] [2 0 -14] [4 0 7] [5 0 14] [0 0 -13] [1 0 -2] [7 0 5] [3 0 17]]","[[6 6] [2 8] [4 3] [5 7] [0 5] [1 3] [7 5] [3 4]]","[[6 3] [2 1] [4 5] [5 4] [0 2] [1 4] [7 4] [3 6]]"
"905","line","8","normal","10","10","[[1 0 -13] [2 0 -3] [3 0 18] [7 0 16] [4 0 -14] [6 0 -2] [0 0 9] [5 0 9]]","[[1 5] [2 5] [3 3] [7 4] [4 7] [6 8] [0 5] [5 4]]","[[1 2] [2 2] [3 6] [7 5] [4 2] [6 1] [0 2] [5 2]]"
"906","line","8","normal","10","10","[[1 0 19] [5 0 5] [4 0 4] [2 0 16] [0 0 1] [6 0 -16] [3 0 -18] [7 0 -7]]","[[1 2] [5 7] [4 3] [2 7] [0 8] [6 11] [3 1] [7 2]]","[[1 6] [5 3] [4 3] [2 5] [0 5] [6 5] [3 7] [7 11]]"
"908","line","8","normal","10","10","[[6 0 -15] [7 0 -12] [2 0 -19] [3 0 1] [4 0 13] [0 0 -5] [1 0 3] [5 0 9]]","[[6 7] [7 5] [2 0] [3 11] [4 8] [0 4] [1 5] [5 1]]","[[6 5] [7 5] [2 10] [3 1] [4 12] [0 5] [1 3] [5 9]]"
"907","line","8","normal","10","10","[[0 0 -12] [6 0 15] [1 0 0] [2 0 -16] [3 0 -20] [7 0 -18] [5 0 -1] [4 0 16]]","[[0 4] [6 11] [1 9] [2 5] [3 0] [7 3] [5 8] [4 1]]","[[0 4] [6 2] [1 1] [2 1] [3 5] [7 2] [5 1] [4 3]]"
"909","line","8","normal","10","10","[[1 0 11] [2 0 10] [7 0 -15] [5 0 17] [0 0 -19] [3 0 -2] [6 0 -10] [4 0 -4]]","[[1 5] [2 7] [7 6] [5 5] [0 2] [3 7] [6 5] [4 4]]","[[1 2] [2 2] [7 4] [5 5] [0 6] [3 3] [6 4] [4 3]]"
"910","line","8","normal","10","10","[[3 0 -16] [0 0 1] [4 0 -13] [6 0 17] [7 0 13] [5 0 11] [1 0 -7] [2 0 2]]","[[3 1] [0 9] [4 9] [6 0] [7 8] [5 7] [1 6] [2 1]]","[[3 8] [0 2] [4 5] [6 6] [7 1] [5 1] [1 5] [2 3]]"
"911","line","8","normal","10","10","[[6 0 -11] [0 0 -4] [4 0 18] [2 0 11] [3 0 3] [7 0 -14] [5 0 14] [1 0 12]]","[[6 7] [0 6] [4 4] [2 7] [3 5] [7 7] [5 1] [1 4]]","[[6 6] [0 7] [4 5] [2 3] [3 7] [7 8] [5 5] [1 3]]"
"913","line","8","normal","10","10","[[6 0 15] [3 0 -3] [2 0 -14] [5 0 10] [4 0 9] [7 0 -15] [1 0 -5] [0 0 -8]]","[[6 7] [3 7] [2 5] [5 4] [4 6] [7 6] [1 6] [0 0]]","[[6 7] [3 4] [2 2] [5 5] [4 5] [7 2] [1 3] [0 6]]"
"914","line","8","normal","10","10","[[5 0 -15] [4 0 2] [3 0 9] [6 0 18] [0 0 17] [2 0 9] [7 0 -9] [1 0 11]]","[[5 5] [4 5] [3 0] [6 3] [0 3] [2 7] [7 14] [1 4]]","[[5 10] [4 7] [3 4] [6 5] [0 4] [2 3] [7 4] [1 3]]"
"915","line","8","normal","10","10","[[5 0 -7] [3 0 11] [4 0 0] [6 0 7] [7 0 -7] [1 0 -17] [2 0 14] [0 0 -15]]","[[5 6] [3 10] [4 4] [6 8] [7 5] [1 4] [2 0] [0 4]]","[[5 1] [3 5] [4 4] [6 3] [7 1] [1 5] [2 9] [0 4]]"
"912","line","8","normal","10","10","[[5 0 -17] [6 0 4] [4 0 5] [2 0 12] [7 0 -8] [0 0 -18] [3 0 15] [1 0 -7]]","[[5 7] [6 6] [4 5] [2 5] [7 5] [0 1] [3 6] [1 6]]","[[5 3] [6 4] [4 4] [2 5] [7 3] [0 4] [3 7] [1 3]]"
"916","line","8","normal","10","10","[[4 0 1] [0 0 -1] [6 0 -13] [3 0 14] [7 0 14] [2 0 6] [1 0 -10] [5 0 4]]","[[4 2] [0 7] [6 0] [3 0] [7 11] [2 4] [1 14] [5 3]]","[[4 2] [0 2] [6 8] [3 3] [7 2] [2 4] [1 4] [5 3]]"
"917","line","8","normal","10","10","[[1 0 -13] [3 0 -15] [6 0 15] [4 0 -9] [5 0 -14] [7 0 6] [2 0 9] [0 0 -19]]","[[1 5] [3 2] [6 7] [4 3] [5 3] [7 11] [2 6] [0 4]]","[[1 3] [3 2] [6 7] [4 7] [5 2] [7 3] [2 3] [0 2]]"
"922","line","8","moving-only","10","10","[[0 0 -3] [7 0 -14] [2 0 -17] [6 0 -8] [5 0 12] [4 0 -7] [1 0 -17] [3 0 12]]","[[0 9] [7 5] [2 1] [6 3] [5 8] [4 3] [1 4] [3 8]]","[[0 10] [7 10] [2 10] [6 10] [5 10] [4 10] [1 10] [3 10]]"
"918","line","8","normal","10","10","[[6 0 -4] [4 0 -5] [7 0 -15] [5 0 15] [1 0 16] [3 0 7] [0 0 -16] [2 0 3]]","[[6 5] [4 5] [7 5] [5 6] [1 3] [3 7] [0 6] [2 4]]","[[6 3] [4 3] [7 3] [5 5] [1 6] [3 5] [0 2] [2 6]]"
"919","line","8","normal","10","10","[[5 0 -12] [2 0 18] [4 0 5] [1 0 -17] [7 0 19] [6 0 0] [3 0 10] [0 0 9]]","[[5 11] [2 6] [4 5] [1 4] [7 0] [6 7] [3 7] [0 1]]","[[5 7] [2 3] [4 6] [1 11] [7 5] [6 8] [3 3] [0 4]]"
"920","line","8","normal","10","10","[[2 0 -9] [7 0 -17] [5 0 15] [4 0 17] [3 0 0] [0 0 -7] [6 0 -1] [1 0 -17]]","[[2 7] [7 7] [5 13] [4 0] [3 11] [0 3] [6 0] [1 0]]","[[2 2] [7 3] [5 4] [4 7] [3 3] [0 4] [6 5] [1 4]]"
"923","line","8","moving-only","10","10","[[0 0 -17] [4 0 -9] [6 0 5] [2 0 9] [7 0 11] [5 0 -17] [3 0 1] [1 0 -3]]","[[0 4] [4 7] [6 4] [2 4] [7 10] [5 4] [3 3] [1 5]]","[[0 10] [4 10] [6 10] [2 10] [7 10] [5 10] [3 10] [1 10]]"
"924","line","8","moving-only","10","10","[[6 0 15] [1 0 -3] [5 0 -15] [7 0 7] [2 0 -1] [0 0 8] [3 0 -14] [4 0 -11]]","[[6 9] [1 5] [5 6] [7 4] [2 6] [0 4] [3 2] [4 5]]","[[6 10] [1 10] [5 10] [7 10] [2 10] [0 10] [3 10] [4 10]]"
"925","line","8","moving-only","10","10","[[6 0 -18] [7 0 -1] [1 0 -9] [2 0 7] [4 0 8] [0 0 -16] [3 0 -3] [5 0 -12]]","[[6 4] [7 5] [1 4] [2 5] [4 13] [0 3] [3 4] [5 3]]","[[6 10] [7 10] [1 10] [2 10] [4 10] [0 10] [3 10] [5 10]]"
"926","line","8","moving-only","10","10","[[5 0 14] [1 0 -2] [0 0 11] [6 0 18] [4 0 -18] [2 0 18] [7 0 16] [3 0 6]]","[[5 2] [1 13] [0 4] [6 2] [4 10] [2 1] [7 3] [3 6]]","[[5 10] [1 10] [0 10] [6 10] [4 10] [2 10] [7 10] [3 10]]"
"927","line","8","moving-only","10","10","[[3 0 6] [2 0 19] [7 0 7] [0 0 18] [6 0 16] [4 0 13] [1 0 12] [5 0 2]]","[[3 2] [2 2] [7 3] [0 1] [6 3] [4 2] [1 3] [5 25]]","[[3 10] [2 10] [7 10] [0 10] [6 10] [4 10] [1 10] [5 10]]"
"928","line","8","moving-only","10","10","[[3 0 8] [0 0 -1] [2 0 14] [5 0 -14] [1 0 -6] [4 0 8] [7 0 -12] [6 0 -12]]","[[3 4] [0 7] [2 9] [5 7] [1 5] [4 4] [7 4] [6 1]]","[[3 10] [0 10] [2 10] [5 10] [1 10] [4 10] [7 10] [6 10]]"
"929","line","8","moving-only","10","10","[[3 0 -14] [1 0 2] [5 0 -6] [0 0 6] [7 0 9] [2 0 4] [4 0 -14] [6 0 -2]]","[[3 6] [1 3] [5 6] [0 3] [7 13] [2 2] [4 4] [6 4]]","[[3 10] [1 10] [5 10] [0 10] [7 10] [2 10] [4 10] [6 10]]"
"930","line","8","moving-only","10","10","[[6 0 16] [2 0 -8] [7 0 7] [1 0 10] [3 0 -16] [4 0 -16] [0 0 15] [5 0 10]]","[[6 5] [2 11] [7 9] [1 1] [3 7] [4 2] [0 3] [5 3]]","[[6 10] [2 10] [7 10] [1 10] [3 10] [4 10] [0 10] [5 10]]"
"931","line","8","moving-only","10","10","[[6 0 -9] [3 0 -12] [2 0 16] [7 0 16] [4 0 -3] [5 0 7] [0 0 -16] [1 0 6]]","[[6 5] [3 4] [2 4] [7 5] [4 7] [5 5] [0 6] [1 5]]","[[6 10] [3 10] [2 10] [7 10] [4 10] [5 10] [0 10] [1 10]]"
"933","line","8","moving-only","10","10","[[3 0 10] [0 0 -15] [7 0 2] [6 0 14] [1 0 -6] [4 0 -5] [5 0 -15] [2 0 6]]","[[3 3] [0 7] [7 6] [6 9] [1 5] [4 4] [5 3] [2 4]]","[[3 10] [0 10] [7 10] [6 10] [1 10] [4 10] [5 10] [2 10]]"
"932","line","8","moving-only","10","10","[[1 0 -4] [0 0 -2] [2 0 -13] [5 0 6] [3 0 -15] [4 0 10] [6 0 3] [7 0 8]]","[[1 6] [0 3] [2 6] [5 2] [3 6] [4 11] [6 4] [7 3]]","[[1 10] [0 10] [2 10] [5 10] [3 10] [4 10] [6 10] [7 10]]"
"921","line","8","moving-only","10","10","[[3 0 -16] [1 0 9] [6 0 -3] [4 0 -11] [0 0 -5] [2 0 15] [5 0 4] [7 0 -16]]","[[3 4] [1 5] [6 5] [4 5] [0 4] [2 9] [5 6] [7 3]]","[[3 10] [1 10] [6 10] [4 10] [0 10] [2 10] [5 10] [7 10]]"
"934","line","8","moving-only","10","10","[[3 0 4] [6 0 16] [1 0 -7] [2 0 6] [0 0 -13] [4 0 -7] [7 0 14] [5 0 1]]","[[3 3] [6 6] [1 6] [2 4] [0 10] [4 1] [7 5] [5 6]]","[[3 10] [6 10] [1 10] [2 10] [0 10] [4 10] [7 10] [5 10]]"
"935","line","8","moving-only","10","10","[[7 0 -9] [1 0 -2] [4 0 -13] [5 0 2] [6 0 -7] [2 0 -11] [0 0 8] [3 0 11]]","[[7 3] [1 4] [4 9] [5 6] [6 3] [2 1] [0 4] [3 11]]","[[7 10] [1 10] [4 10] [5 10] [6 10] [2 10] [0 10] [3 10]]"
"938","line","8","moving-only","10","10","[[5 0 13] [2 0 16] [6 0 -8] [1 0 18] [7 0 -11] [4 0 15] [3 0 18] [0 0 11]]","[[5 3] [2 1] [6 11] [1 2] [7 11] [4 1] [3 2] [0 10]]","[[5 10] [2 10] [6 10] [1 10] [7 10] [4 10] [3 10] [0 10]]"
"936","line","8","moving-only","10","10","[[6 0 -5] [2 0 -3] [4 0 13] [1 0 -11] [3 0 -14] [5 0 13] [0 0 2] [7 0 3]]","[[6 5] [2 3] [4 5] [1 4] [3 8] [5 8] [0 3] [7 5]]","[[6 10] [2 10] [4 10] [1 10] [3 10] [5 10] [0 10] [7 10]]"
"937","line","8","moving-only","10","10","[[3 0 -8] [6 0 -15] [5 0 15] [0 0 -4] [2 0 -8] [4 0 -15] [1 0 9] [7 0 1]]","[[3 3] [6 2] [5 8] [0 5] [2 2] [4 7] [1 8] [7 6]]","[[3 10] [6 10] [5 10] [0 10] [2 10] [4 10] [1 10] [7 10]]"
"940","line","8","moving-only","10","10","[[0 0 -14] [4 0 -5] [1 0 -18] [7 0 -17] [5 0 12] [6 0 12] [3 0 -1] [2 0 -10]]","[[0 4] [4 4] [1 3] [7 2] [5 8] [6 7] [3 9] [2 4]]","[[0 10] [4 10] [1 10] [7 10] [5 10] [6 10] [3 10] [2 10]]"
"939","line","8","moving-only","10","10","[[7 0 7] [4 0 4] [2 0 -14] [0 0 9] [5 0 -4] [3 0 -13] [6 0 3] [1 0 -1]]","[[7 3] [4 2] [2 7] [0 12] [5 6] [3 5] [6 3] [1 3]]","[[7 10] [4 10] [2 10] [0 10] [5 10] [3 10] [6 10] [1 10]]"
"941","line","8","pricing-only","10","10","[[2 0 20] [6 0 -5] [3 0 18] [1 0 -8] [0 0 -13] [7 0 14] [4 0 -9] [5 0 7]]","[[2 2] [6 4] [3 3] [1 7] [0 6] [7 6] [4 6] [5 7]]","[[2 4] [6 4] [3 5] [1 1] [0 5] [7 6] [4 1] [5 7]]"
"942","line","8","pricing-only","10","10","[[7 0 12] [1 0 9] [4 0 19] [3 0 -19] [2 0 -11] [5 0 -19] [0 0 -12] [6 0 -9]]","[[7 8] [1 8] [4 3] [3 0] [2 9] [5 4] [0 5] [6 4]]","[[7 4] [1 5] [4 8] [3 3] [2 1] [5 2] [0 1] [6 3]]"
"943","line","8","pricing-only","10","10","[[0 0 13] [3 0 19] [5 0 2] [2 0 12] [6 0 -6] [4 0 7] [7 0 -15] [1 0 12]]","[[0 7] [3 1] [5 7] [2 2] [6 10] [4 4] [7 7] [1 3]]","[[0 1] [3 7] [5 7] [2 1] [6 10] [4 5] [7 15] [1 1]]"
"944","line","8","pricing-only","10","10","[[7 0 -11] [0 0 0] [3 0 -4] [4 0 -9] [5 0 -1] [6 0 3] [2 0 -19] [1 0 -19]]","[[7 4] [0 13] [3 4] [4 3] [5 2] [6 9] [2 3] [1 3]]","[[7 4] [0 1] [3 3] [4 4] [5 2] [6 4] [2 2] [1 2]]"
"947","line","8","pricing-only","10","10","[[3 0 14] [2 0 13] [5 0 -8] [7 0 -15] [6 0 6] [4 0 17] [1 0 15] [0 0 14]]","[[3 0] [2 11] [5 11] [7 7] [6 5] [4 3] [1 3] [0 1]]","[[3 1] [2 1] [5 11] [7 14] [6 8] [4 3] [1 1] [0 1]]"
"945","line","8","pricing-only","10","10","[[1 0 -2] [5 0 -14] [2 0 -1] [4 0 5] [0 0 11] [7 0 -10] [3 0 17] [6 0 12]]","[[1 5] [5 4] [2 6] [4 2] [0 5] [7 10] [3 4] [6 5]]","[[1 2] [5 8] [2 2] [4 6] [0 2] [7 4] [3 6] [6 2]]"
"946","line","8","pricing-only","10","10","[[1 0 -5] [3 0 -7] [7 0 -8] [0 0 -11] [4 0 -3] [6 0 -3] [2 0 -17] [5 0 3]]","[[1 1] [3 3] [7 2] [0 9] [4 3] [6 4] [2 1] [5 18]]","[[1 2] [3 1] [7 2] [0 4] [4 1] [6 1] [2 10] [5 6]]"
"948","line","8","pricing-only","10","10","[[3 0 -20] [0 0 -13] [2 0 -9] [6 0 9] [5 0 18] [1 0 18] [4 0 17] [7 0 -13]]","[[3 2] [0 4] [2 12] [6 4] [5 2] [1 1] [4 11] [7 5]]","[[3 5] [0 1] [2 4] [6 9] [5 1] [1 1] [4 1] [7 1]]"
"949","line","8","pricing-only","10","10","[[7 0 11] [0 0 -2] [1 0 -2] [3 0 -13] [5 0 -19] [6 0 4] [2 0 4] [4 0 10]]","[[7 7] [0 0] [1 12] [3 6] [5 3] [6 6] [2 0] [4 7]]","[[7 2] [0 2] [1 1] [3 8] [5 10] [6 1] [2 2] [4 1]]"
"950","line","8","pricing-only","10","10","[[5 0 -1] [1 0 11] [6 0 13] [2 0 10] [4 0 4] [3 0 -10] [0 0 -8] [7 0 -4]]","[[5 4] [1 2] [6 8] [2 5] [4 4] [3 7] [0 8] [7 3]]","[[5 5] [1 2] [6 3] [2 2] [4 5] [3 5] [0 3] [7 4]]"
"952","line","8","pricing-only","10","10","[[6 0 15] [5 0 -17] [2 0 -9] [4 0 20] [0 0 -18] [7 0 5] [1 0 13] [3 0 -2]]","[[6 5] [5 4] [2 6] [4 2] [0 6] [7 5] [1 7] [3 6]]","[[6 4] [5 2] [2 6] [4 7] [0 1] [7 8] [1 4] [3 7]]"
"951","line","8","pricing-only","10","10","[[0 0 6] [7 0 -4] [3 0 1] [1 0 4] [6 0 -13] [2 0 2] [4 0 -6] [5 0 -17]]","[[0 15] [7 4] [3 0] [1 2] [6 5] [2 5] [4 5] [5 5]]","[[0 3] [7 2] [3 2] [1 2] [6 5] [2 1] [4 3] [5 7]]"
"954","line","8","pricing-only","10","10","[[0 0 6] [5 0 2] [2 0 16] [4 0 -6] [7 0 6] [6 0 0] [3 0 -18] [1 0 -3]]","[[0 8] [5 1] [2 5] [4 11] [7 5] [6 2] [3 4] [1 5]]","[[0 1] [5 4] [2 10] [4 4] [7 1] [6 4] [3 13] [1 2]]"
"955","line","8","pricing-only","10","10","[[4 0 7] [6 0 -10] [7 0 15] [0 0 -7] [5 0 17] [3 0 14] [1 0 -1] [2 0 10]]","[[4 6] [6 11] [7 2] [0 7] [5 4] [3 4] [1 5] [2 2]]","[[4 6] [6 6] [7 2] [0 5] [5 3] [3 2] [1 8] [2 5]]"
"953","line","8","pricing-only","10","10","[[2 0 -12] [1 0 1] [6 0 11] [5 0 -8] [0 0 -17] [4 0 4] [7 0 5] [3 0 -18]]","[[2 5] [1 1] [6 10] [5 3] [0 4] [4 9] [7 6] [3 3]]","[[2 4] [1 4] [6 6] [5 7] [0 2] [4 1] [7 1] [3 2]]"
"956","line","8","pricing-only","10","10","[[4 0 -10] [7 0 -10] [2 0 8] [1 0 -19] [3 0 12] [5 0 18] [0 0 7] [6 0 13]]","[[4 6] [7 11] [2 2] [1 3] [3 5] [5 3] [0 8] [6 3]]","[[4 1] [7 1] [2 2] [1 7] [3 1] [5 6] [0 2] [6 2]]"
"958","line","8","pricing-only","10","10","[[6 0 5] [1 0 -12] [0 0 12] [3 0 7] [5 0 18] [2 0 7] [4 0 10] [7 0 -6]]","[[6 6] [1 4] [0 6] [3 2] [5 3] [2 2] [4 2] [7 16]]","[[6 2] [1 9] [0 4] [3 1] [5 9] [2 1] [4 3] [7 3]]"
"957","line","8","pricing-only","10","10","[[3 0 11] [6 0 -12] [7 0 -10] [2 0 -5] [5 0 11] [1 0 0] [0 0 -5] [4 0 -2]]","[[3 0] [6 9] [7 4] [2 2] [5 17] [1 4] [0 3] [4 2]]","[[3 2] [6 3] [7 2] [2 2] [5 1] [1 4] [0 2] [4 3]]"
"959","line","8","pricing-only","10","10","[[7 0 -12] [1 0 19] [2 0 -10] [5 0 -13] [3 0 -7] [4 0 -11] [0 0 -15] [6 0 -13]]","[[7 0] [1 7] [2 4] [5 3] [3 21] [4 0] [0 3] [6 3]]","[[7 3] [1 18] [2 2] [5 1] [3 4] [4 3] [0 3] [6 1]]"
"960","line","8","pricing-only","10","10","[[0 0 6] [3 0 4] [4 0 -2] [1 0 -17] [2 0 16] [7 0 -15] [6 0 16] [5 0 18]]","[[0 6] [3 5] [4 8] [1 4] [2 5] [7 8] [6 2] [5 3]]","[[0 2] [3 4] [4 7] [1 8] [2 1] [7 7] [6 1] [5 2]]"
"963","line","9","normal","10","10","[[8 0 -12] [1 0 -16] [3 0 5] [4 0 -19] [6 0 -4] [2 0 6] [7 0 -15] [5 0 -19] [0 0 -4]]","[[8 3] [1 6] [3 3] [4 0] [6 0] [2 15] [7 0] [5 2] [0 12]]","[[8 5] [1 3] [3 5] [4 5] [6 3] [2 5] [7 4] [5 4] [0 2]]"
"962","line","9","normal","10","10","[[8 0 -18] [2 0 -15] [4 0 13] [0 0 12] [7 0 -2] [1 0 9] [6 0 -12] [5 0 19] [3 0 -1]]","[[8 2] [2 5] [4 6] [0 3] [7 2] [1 6] [6 5] [5 2] [3 10]]","[[8 9] [2 6] [4 1] [0 1] [7 5] [1 3] [6 7] [5 7] [3 4]]"
"964","line","9","normal","10","10","[[6 0 17] [7 0 3] [2 0 5] [5 0 3] [4 0 17] [8 0 -17] [3 0 -10] [0 0 -15] [1 0 1]]","[[6 0] [7 0] [2 6] [5 7] [4 10] [8 4] [3 4] [0 6] [1 4]]","[[6 3] [7 2] [2 2] [5 1] [4 2] [8 3] [3 7] [0 3] [1 3]]"
"965","line","9","normal","10","10","[[0 0 16] [5 0 9] [2 0 -14] [3 0 10] [1 0 -5] [7 0 -13] [6 0 -5] [4 0 5] [8 0 15]]","[[0 5] [5 0] [2 7] [3 6] [1 6] [7 4] [6 5] [4 5] [8 3]]","[[0 3] [5 4] [2 4] [3 3] [1 3] [7 4] [6 3] [4 5] [8 3]]"
"961","line","9","normal","10","10","[[0 0 -11] [2 0 -16] [6 0 0] [8 0 -4] [5 0 17] [1 0 2] [4 0 -17] [7 0 11] [3 0 16]]","[[0 3] [2 1] [6 3] [8 6] [5 4] [1 9] [4 8] [7 2] [3 5]]","[[0 7] [2 4] [6 2] [8 4] [5 2] [1 1] [4 3] [7 6] [3 2]]"
"966","line","9","normal","10","10","[[5 0 -7] [6 0 -2] [4 0 14] [2 0 -14] [0 0 7] [3 0 4] [7 0 10] [1 0 9] [8 0 16]]","[[5 14] [6 4] [4 8] [2 3] [0 3] [3 4] [7 3] [1 2] [8 0]]","[[5 5] [6 6] [4 3] [2 12] [0 3] [3 5] [7 2] [1 2] [8 6]]"
"967","line","9","normal","10","10","[[8 0 -17] [1 0 0] [3 0 0] [6 0 -1] [4 0 -18] [0 0 -12] [2 0 5] [5 0 -11] [7 0 10]]","[[8 2] [1 0] [3 14] [6 5] [4 3] [0 4] [2 7] [5 6] [7 0]]","[[8 2] [1 6] [3 1] [6 1] [4 2] [0 1] [2 6] [5 1] [7 12]]"
"968","line","9","normal","10","10","[[4 0 3] [6 0 12] [0 0 -9] [2 0 -10] [5 0 -16] [8 0 1] [1 0 18] [7 0 15] [3 0 -15]]","[[4 5] [6 6] [0 5] [2 2] [5 5] [8 7] [1 1] [7 6] [3 4]]","[[4 3] [6 2] [0 3] [2 3] [5 1] [8 2] [1 4] [7 1] [3 1]]"
"969","line","9","normal","10","10","[[7 0 -11] [6 0 -1] [3 0 3] [8 0 15] [2 0 13] [0 0 -17] [1 0 -3] [5 0 -18] [4 0 -10]]","[[7 5] [6 5] [3 7] [8 7] [2 4] [0 4] [1 5] [5 1] [4 3]]","[[7 4] [6 2] [3 5] [8 7] [2 7] [0 6] [1 2] [5 7] [4 4]]"
"970","line","9","normal","10","10","[[7 0 13] [8 0 -3] [2 0 7] [6 0 -6] [4 0 7] [3 0 -9] [5 0 16] [1 0 -12] [0 0 17]]","[[7 3] [8 6] [2 3] [6 5] [4 6] [3 2] [5 3] [1 9] [0 4]]","[[7 4] [8 3] [2 3] [6 4] [4 3] [3 7] [5 3] [1 9] [0 3]]"
"972","line","9","normal","10","10","[[3 0 -1] [1 0 -16] [4 0 -7] [7 0 19] [5 0 -13] [8 0 4] [0 0 8] [2 0 -8] [6 0 15]]","[[3 4] [1 5] [4 5] [7 2] [5 4] [8 3] [0 8] [2 4] [6 6]]","[[3 6] [1 6] [4 2] [7 6] [5 4] [8 6] [0 3] [2 2] [6 4]]"
"971","line","9","normal","10","10","[[7 0 2] [3 0 -10] [2 0 -10] [8 0 7] [5 0 17] [6 0 1] [4 0 18] [0 0 13] [1 0 5]]","[[7 4] [3 7] [2 10] [8 6] [5 7] [6 3] [4 0] [0 2] [1 2]]","[[7 4] [3 3] [2 3] [8 2] [5 2] [6 5] [4 4] [0 4] [1 3]]"
"973","line","9","normal","10","10","[[1 0 -12] [4 0 7] [0 0 18] [7 0 -16] [8 0 -4] [3 0 3] [5 0 12] [2 0 11] [6 0 -13]]","[[1 7] [4 4] [0 4] [7 2] [8 5] [3 5] [5 5] [2 3] [6 6]]","[[1 2] [4 4] [0 6] [7 5] [8 6] [3 6] [5 3] [2 3] [6 2]]"
"974","line","9","normal","10","10","[[1 0 10] [4 0 4] [3 0 -8] [7 0 4] [2 0 -15] [8 0 4] [0 0 -18] [6 0 -7] [5 0 16]]","[[1 6] [4 3] [3 8] [7 3] [2 5] [8 6] [0 3] [6 2] [5 5]]","[[1 6] [4 1] [3 2] [7 1] [2 5] [8 1] [0 6] [6 3] [5 11]]"
"975","line","9","normal","10","10","[[0 0 -10] [4 0 -4] [5 0 7] [2 0 -3] [8 0 -8] [7 0 -18] [6 0 10] [3 0 -17] [1 0 8]]","[[0 5] [4 2] [5 7] [2 4] [8 3] [7 3] [6 11] [3 4] [1 2]]","[[0 2] [4 4] [5 1] [2 3] [8 3] [7 2] [6 2] [3 2] [1 1]]"
"976","line","9","normal","10","10","[[6 0 15] [3 0 2] [8 0 -4] [1 0 -15] [0 0 -18] [4 0 -12] [7 0 -3] [2 0 9] [5 0 -19]]","[[6 6] [3 4] [8 9] [1 4] [0 4] [4 3] [7 2] [2 9] [5 0]]","[[6 12] [3 6] [8 1] [1 2] [0 2] [4 3] [7 2] [2 7] [5 4]]"
"977","line","9","normal","10","10","[[5 0 4] [4 0 -3] [0 0 0] [2 0 17] [1 0 18] [3 0 7] [7 0 -12] [6 0 12] [8 0 -18]]","[[5 4] [4 7] [0 2] [2 3] [1 3] [3 5] [7 8] [6 4] [8 5]]","[[5 5] [4 5] [0 6] [2 5] [1 5] [3 4] [7 5] [6 5] [8 7]]"
"981","line","9","moving-only","10","10","[[4 0 -6] [5 0 17] [8 0 7] [0 0 12] [7 0 2] [2 0 -15] [6 0 -15] [1 0 -4] [3 0 18]]","[[4 6] [5 3] [8 5] [0 5] [7 5] [2 6] [6 4] [1 4] [3 3]]","[[4 10] [5 10] [8 10] [0 10] [7 10] [2 10] [6 10] [1 10] [3 10]]"
"982","line","9","moving-only","10","10","[[6 0 7] [1 0 -14] [4 0 5] [8 0 -8] [7 0 15] [0 0 14] [2 0 -7] [3 0 -18] [5 0 1]]","[[6 4] [1 5] [4 4] [8 4] [7 6] [0 4] [2 4] [3 4] [5 6]]","[[6 10] [1 10] [4 10] [8 10] [7 10] [0 10] [2 10] [3 10] [5 10]]"
"978","line","9","normal","10","10","[[7 0 -18] [6 0 15] [1 0 16] [3 0 -14] [0 0 5] [5 0 -13] [2 0 -7] [8 0 -7] [4 0 -16]]","[[7 3] [6 9] [1 2] [3 3] [0 8] [5 1] [2 8] [8 5] [4 2]]","[[7 4] [6 5] [1 6] [3 3] [0 7] [5 4] [2 2] [8 2] [4 3]]"
"979","line","9","normal","10","10","[[2 0 18] [3 0 -1] [8 0 -16] [6 0 14] [5 0 -11] [7 0 -18] [1 0 -4] [0 0 12] [4 0 9]]","[[2 0] [3 6] [8 4] [6 3] [5 5] [7 3] [1 6] [0 8] [4 6]]","[[2 8] [3 4] [8 6] [6 3] [5 6] [7 7] [1 4] [0 1] [4 2]]"
"980","line","9","normal","10","10","[[7 0 -9] [4 0 0] [8 0 12] [0 0 14] [6 0 -14] [1 0 6] [5 0 2] [2 0 -4] [3 0 -12]]","[[7 4] [4 4] [8 5] [0 7] [6 7] [1 3] [5 4] [2 4] [3 3]]","[[7 5] [4 3] [8 5] [0 6] [6 5] [1 5] [5 3] [2 5] [3 4]]"
"983","line","9","moving-only","10","10","[[3 0 -3] [1 0 -13] [8 0 15] [5 0 6] [4 0 18] [0 0 -1] [6 0 17] [7 0 -14] [2 0 13]]","[[3 7] [1 5] [8 3] [5 7] [4 3] [0 4] [6 1] [7 7] [2 4]]","[[3 10] [1 10] [8 10] [5 10] [4 10] [0 10] [6 10] [7 10] [2 10]]"
"984","line","9","moving-only","10","10","[[1 0 -1] [5 0 -9] [6 0 -9] [3 0 13] [0 0 13] [7 0 -17] [4 0 -11] [8 0 -17] [2 0 -5]]","[[1 9] [5 2] [6 2] [3 8] [0 7] [7 5] [4 4] [8 1] [2 3]]","[[1 10] [5 10] [6 10] [3 10] [0 10] [7 10] [4 10] [8 10] [2 10]]"
"985","line","9","moving-only","10","10","[[0 0 13] [5 0 4] [1 0 4] [8 0 -5] [2 0 18] [7 0 13] [3 0 -15] [6 0 18] [4 0 -14]]","[[0 2] [5 4] [1 5] [8 9] [2 3] [7 5] [3 6] [6 2] [4 5]]","[[0 10] [5 10] [1 10] [8 10] [2 10] [7 10] [3 10] [6 10] [4 10]]"
"988","line","9","moving-only","10","10","[[2 0 -9] [8 0 10] [4 0 -12] [6 0 -3] [1 0 -2] [5 0 10] [0 0 -7] [3 0 -6] [7 0 -9]]","[[2 1] [8 6] [4 10] [6 2] [1 6] [5 11] [0 1] [3 2] [7 2]]","[[2 10] [8 10] [4 10] [6 10] [1 10] [5 10] [0 10] [3 10] [7 10]]"
"987","line","9","moving-only","10","10","[[8 0 2] [7 0 -13] [6 0 -17] [5 0 -17] [2 0 -11] [4 0 -14] [3 0 13] [1 0 -8] [0 0 3]]","[[8 5] [7 1] [6 3] [5 2] [2 3] [4 2] [3 12] [1 7] [0 6]]","[[8 10] [7 10] [6 10] [5 10] [2 10] [4 10] [3 10] [1 10] [0 10]]"
"989","line","9","moving-only","10","10","[[5 0 15] [6 0 -9] [1 0 -16] [4 0 -3] [7 0 8] [0 0 5] [3 0 16] [8 0 -9] [2 0 -16]]","[[5 4] [6 4] [1 5] [4 7] [7 5] [0 6] [3 5] [8 2] [2 3]]","[[5 10] [6 10] [1 10] [4 10] [7 10] [0 10] [3 10] [8 10] [2 10]]"
"990","line","9","moving-only","10","10","[[0 0 12] [7 0 18] [8 0 -3] [6 0 12] [3 0 -3] [2 0 4] [1 0 17] [4 0 -14] [5 0 -15]]","[[0 2] [7 3] [8 5] [6 4] [3 4] [2 8] [1 3] [4 6] [5 6]]","[[0 10] [7 10] [8 10] [6 10] [3 10] [2 10] [1 10] [4 10] [5 10]]"
"986","line","9","moving-only","10","10","[[1 0 -7] [8 0 5] [4 0 6] [0 0 -16] [3 0 13] [6 0 -16] [7 0 18] [2 0 -5] [5 0 19]]","[[1 6] [8 6] [4 4] [0 4] [3 6] [6 5] [7 3] [2 5] [5 2]]","[[1 10] [8 10] [4 10] [0 10] [3 10] [6 10] [7 10] [2 10] [5 10]]"
"991","line","9","moving-only","10","10","[[1 0 -5] [8 0 -16] [6 0 5] [7 0 12] [5 0 10] [2 0 15] [4 0 4] [0 0 -17] [3 0 -9]]","[[1 6] [8 4] [6 3] [7 2] [5 4] [2 7] [4 5] [0 4] [3 6]]","[[1 10] [8 10] [6 10] [7 10] [5 10] [2 10] [4 10] [0 10] [3 10]]"
"993","line","9","moving-only","10","10","[[8 0 5] [2 0 -5] [5 0 0] [1 0 -9] [3 0 -16] [6 0 -15] [4 0 15] [0 0 16] [7 0 0]]","[[8 8] [2 4] [5 2] [1 6] [3 5] [6 3] [4 5] [0 5] [7 3]]","[[8 10] [2 10] [5 10] [1 10] [3 10] [6 10] [4 10] [0 10] [7 10]]"
"994","line","9","moving-only","10","10","[[2 0 14] [0 0 -18] [7 0 14] [5 0 -19] [3 0 -1] [6 0 4] [1 0 -13] [8 0 -17] [4 0 1]]","[[2 2] [0 1] [7 10] [5 2] [3 6] [6 6] [1 9] [8 2] [4 3]]","[[2 10] [0 10] [7 10] [5 10] [3 10] [6 10] [1 10] [8 10] [4 10]]"
"992","line","9","moving-only","10","10","[[2 0 10] [3 0 15] [8 0 -16] [4 0 12] [7 0 -8] [6 0 -13] [5 0 17] [1 0 -14] [0 0 0]]","[[2 6] [3 3] [8 6] [4 2] [7 7] [6 3] [5 4] [1 1] [0 9]]","[[2 10] [3 10] [8 10] [4 10] [7 10] [6 10] [5 10] [1 10] [0 10]]"
"995","line","9","moving-only","10","10","[[2 0 6] [3 0 16] [1 0 11] [4 0 15] [5 0 -9] [6 0 12] [8 0 -8] [0 0 5] [7 0 -14]]","[[2 3] [3 5] [1 3] [4 2] [5 3] [6 2] [8 7] [0 7] [7 9]]","[[2 10] [3 10] [1 10] [4 10] [5 10] [6 10] [8 10] [0 10] [7 10]]"
"997","line","9","moving-only","10","10","[[8 0 8] [1 0 -9] [3 0 18] [5 0 0] [6 0 -10] [4 0 17] [7 0 0] [2 0 7] [0 0 12]]","[[8 3] [1 5] [3 3] [5 5] [6 11] [4 3] [7 3] [2 4] [0 4]]","[[8 10] [1 10] [3 10] [5 10] [6 10] [4 10] [7 10] [2 10] [0 10]]"
"999","line","9","moving-only","10","10","[[2 0 -10] [5 0 2] [3 0 15] [8 0 5] [7 0 15] [6 0 6] [4 0 9] [0 0 11] [1 0 -7]]","[[2 12] [5 6] [3 6] [8 2] [7 1] [6 2] [4 2] [0 4] [1 6]]","[[2 10] [5 10] [3 10] [8 10] [7 10] [6 10] [4 10] [0 10] [1 10]]"
"998","line","9","moving-only","10","10","[[0 0 7] [2 0 -17] [4 0 -11] [8 0 -1] [6 0 -7] [3 0 8] [7 0 -11] [5 0 -2] [1 0 -17]]","[[0 5] [2 0] [4 2] [8 4] [6 4] [3 13] [7 3] [5 3] [1 7]]","[[0 10] [2 10] [4 10] [8 10] [6 10] [3 10] [7 10] [5 10] [1 10]]"
"1000","line","9","moving-only","10","10","[[0 0 -17] [4 0 -1] [3 0 -15] [7 0 11] [6 0 8] [5 0 1] [8 0 13] [1 0 -8] [2 0 14]]","[[0 5] [4 4] [3 4] [7 3] [6 5] [5 5] [8 1] [1 7] [2 7]]","[[0 10] [4 10] [3 10] [7 10] [6 10] [5 10] [8 10] [1 10] [2 10]]"
"1001","line","9","pricing-only","10","10","[[6 0 -6] [1 0 -19] [8 0 -16] [0 0 -3] [4 0 13] [7 0 -12] [5 0 -15] [3 0 -16] [2 0 1]]","[[6 4] [1 0] [8 7] [0 5] [4 10] [7 4] [5 1] [3 0] [2 10]]","[[6 4] [1 4] [8 1] [0 4] [4 14] [7 4] [5 2] [3 2] [2 7]]"
"1003","line","9","pricing-only","10","10","[[2 0 -6] [0 0 7] [1 0 -12] [6 0 8] [8 0 -6] [5 0 -18] [3 0 -8] [7 0 -20] [4 0 -7]]","[[2 5] [0 6] [1 3] [6 13] [8 3] [5 1] [3 2] [7 5] [4 3]]","[[2 1] [0 2] [1 4] [6 2] [8 1] [5 4] [3 2] [7 2] [4 1]]"
"1004","line","9","pricing-only","10","10","[[5 0 13] [3 0 3] [7 0 12] [8 0 -12] [6 0 5] [0 0 9] [1 0 4] [4 0 20] [2 0 -2]]","[[5 1] [3 10] [7 7] [8 10] [6 0] [0 2] [1 4] [4 3] [2 4]]","[[5 2] [3 2] [7 1] [8 14] [6 3] [0 3] [1 2] [4 4] [2 7]]"
"1005","line","9","pricing-only","10","10","[[7 0 9] [1 0 20] [0 0 10] [3 0 -17] [2 0 -13] [4 0 19] [6 0 -9] [5 0 20] [8 0 -14]]","[[7 11] [1 1] [0 5] [3 4] [2 8] [4 5] [6 4] [5 0] [8 3]]","[[7 2] [1 1] [0 2] [3 4] [2 1] [4 1] [6 5] [5 1] [8 2]]"
"1006","line","9","pricing-only","10","10","[[5 0 11] [6 0 -20] [0 0 -11] [3 0 7] [7 0 -12] [8 0 2] [2 0 -18] [4 0 0] [1 0 -5]]","[[5 11] [6 1] [0 5] [3 5] [7 5] [8 4] [2 3] [4 3] [1 4]]","[[5 5] [6 5] [0 2] [3 3] [7 2] [8 4] [2 5] [4 5] [1 5]]"
"996","line","9","moving-only","10","10","[[0 0 20] [6 0 -2] [3 0 19] [5 0 10] [7 0 2] [8 0 -14] [1 0 15] [2 0 -15] [4 0 3]]","[[0 1] [6 7] [3 3] [5 6] [7 3] [8 7] [1 4] [2 6] [4 4]]","[[0 10] [6 10] [3 10] [5 10] [7 10] [8 10] [1 10] [2 10] [4 10]]"
"1007","line","9","pricing-only","10","10","[[5 0 10] [6 0 -6] [3 0 12] [1 0 -4] [8 0 -10] [4 0 -3] [0 0 0] [7 0 8] [2 0 1]]","[[5 3] [6 5] [3 9] [1 1] [8 11] [4 1] [0 6] [7 4] [2 1]]","[[5 2] [6 3] [3 3] [1 4] [8 5] [4 5] [0 2] [7 3] [2 3]]"
"1008","line","9","pricing-only","10","10","[[5 0 2] [8 0 17] [1 0 1] [3 0 7] [0 0 0] [6 0 -20] [7 0 14] [2 0 -19] [4 0 -10]]","[[5 5] [8 4] [1 3] [3 5] [0 6] [6 6] [7 5] [2 2] [4 5]]","[[5 1] [8 7] [1 1] [3 4] [0 2] [6 2] [7 5] [2 3] [4 6]]"
"1009","line","9","pricing-only","10","10","[[2 0 18] [4 0 -18] [7 0 -7] [5 0 -11] [6 0 6] [8 0 16] [3 0 10] [1 0 11] [0 0 -18]]","[[2 0] [4 4] [7 6] [5 6] [6 6] [8 7] [3 9] [1 0] [0 3]]","[[2 6] [4 1] [7 6] [5 3] [6 5] [8 3] [3 1] [1 3] [0 1]]"
"1010","line","9","pricing-only","10","10","[[6 0 10] [1 0 -12] [3 0 -4] [7 0 5] [5 0 -18] [4 0 11] [0 0 8] [8 0 19] [2 0 20]]","[[6 7] [1 10] [3 5] [7 2] [5 4] [4 0] [0 8] [8 0] [2 5]]","[[6 1] [1 6] [3 9] [7 5] [5 8] [4 3] [0 2] [8 4] [2 2]]"
"1012","line","9","pricing-only","10","10","[[1 0 9] [8 0 13] [2 0 -1] [3 0 18] [4 0 7] [6 0 -4] [0 0 -3] [5 0 5] [7 0 1]]","[[1 3] [8 6] [2 2] [3 3] [4 3] [6 6] [0 13] [5 3] [7 2]]","[[1 3] [8 4] [2 2] [3 8] [4 2] [6 2] [0 1] [5 3] [7 4]]"
"1013","line","9","pricing-only","10","10","[[7 0 8] [5 0 -13] [4 0 -14] [8 0 -14] [1 0 -19] [0 0 -6] [6 0 -9] [3 0 -6] [2 0 11]]","[[7 8] [5 3] [4 4] [8 3] [1 0] [0 11] [6 2] [3 0] [2 10]]","[[7 4] [5 1] [4 1] [8 1] [1 6] [0 1] [6 3] [3 2] [2 5]]"
"1015","line","9","pricing-only","10","10","[[7 0 16] [3 0 -2] [2 0 -5] [1 0 7] [5 0 -6] [4 0 -8] [8 0 18] [0 0 -5] [6 0 19]]","[[7 2] [3 6] [2 1] [1 7] [5 10] [4 5] [8 6] [0 2] [6 2]]","[[7 4] [3 3] [2 1] [1 6] [5 1] [4 3] [8 2] [0 1] [6 3]]"
"1011","line","9","pricing-only","10","10","[[3 0 7] [5 0 -11] [1 0 20] [6 0 -18] [2 0 -1] [8 0 -18] [7 0 -20] [0 0 -15] [4 0 -11]]","[[3 8] [5 4] [1 7] [6 0] [2 9] [8 5] [7 0] [0 3] [4 5]]","[[3 12] [5 2] [1 12] [6 2] [2 8] [8 1] [7 4] [0 2] [4 2]]"
"1014","line","9","pricing-only","10","10","[[7 0 -1] [6 0 17] [1 0 3] [8 0 1] [5 0 8] [4 0 -17] [2 0 -4] [0 0 17] [3 0 -16]]","[[7 3] [6 5] [1 2] [8 5] [5 3] [4 7] [2 6] [0 6] [3 4]]","[[7 2] [6 1] [1 3] [8 1] [5 6] [4 2] [2 4] [0 1] [3 3]]"
"1016","line","9","pricing-only","10","10","[[5 0 -6] [7 0 2] [1 0 15] [3 0 4] [4 0 -9] [6 0 16] [2 0 15] [8 0 -17] [0 0 -12]]","[[5 1] [7 5] [1 7] [3 6] [4 12] [6 0] [2 5] [8 2] [0 3]]","[[5 4] [7 4] [1 1] [3 4] [4 1] [6 2] [2 1] [8 9] [0 4]]"
"1017","line","9","pricing-only","10","10","[[2 0 -20] [4 0 -13] [8 0 5] [1 0 -16] [7 0 9] [6 0 10] [3 0 11] [0 0 8] [5 0 -12]]","[[2 2] [4 3] [8 2] [1 3] [7 3] [6 1] [3 10] [0 7] [5 10]]","[[2 6] [4 3] [8 5] [1 4] [7 1] [6 1] [3 1] [0 2] [5 2]]"
"1018","line","9","pricing-only","10","10","[[3 0 8] [2 0 -19] [7 0 -16] [1 0 -17] [8 0 6] [0 0 18] [4 0 -20] [5 0 3] [6 0 0]]","[[3 4] [2 1] [7 7] [1 5] [8 2] [0 5] [4 1] [5 14] [6 2]]","[[3 7] [2 2] [7 2] [1 1] [8 5] [0 11] [4 2] [5 2] [6 5]]"
"1020","line","9","pricing-only","10","10","[[4 0 -2] [3 0 10] [2 0 10] [1 0 -4] [5 0 -17] [0 0 0] [8 0 -2] [7 0 15] [6 0 1]]","[[4 2] [3 5] [2 4] [1 12] [5 5] [0 1] [8 1] [7 6] [6 5]]","[[4 1] [3 1] [2 1] [1 2] [5 11] [0 2] [8 1] [7 5] [6 2]]"
"1019","line","9","pricing-only","10","10","[[0 0 -17] [3 0 -7] [8 0 -14] [4 0 7] [7 0 2] [1 0 -13] [2 0 20] [6 0 -11] [5 0 9]]","[[0 1] [3 6] [8 1] [4 5] [7 5] [1 10] [2 3] [6 1] [5 9]]","[[0 5] [3 5] [8 2] [4 3] [7 6] [1 1] [2 10] [6 3] [5 4]]"
"1021","line","10","normal","10","10","[[7 0 -14] [4 0 18] [2 0 -7] [9 0 1] [3 0 -19] [1 0 0] [5 0 17] [8 0 -2] [0 0 -14] [6 0 9]]","[[7 4] [4 0] [2 4] [9 0] [3 0] [1 8] [5 8] [8 4] [0 7] [6 6]]","[[7 2] [4 7] [2 4] [9 4] [3 7] [1 2] [5 6] [8 2] [0 2] [6 6]]"
"1022","line","10","normal","10","10","[[1 0 -16] [3 0 -9] [7 0 16] [9 0 -4] [5 0 5] [0 0 10] [4 0 -5] [8 0 9] [6 0 -18] [2 0 -1]]","[[1 8] [3 5] [7 6] [9 6] [5 0] [0 5] [4 3] [8 8] [6 0] [2 0]]","[[1 4] [3 4] [7 5] [9 2] [5 6] [0 1] [4 2] [8 1] [6 8] [2 6]]"
"1024","line","10","normal","10","10","[[7 0 12] [2 0 15] [8 0 -11] [5 0 18] [4 0 7] [6 0 -12] [3 0 -17] [1 0 7] [9 0 2] [0 0 -2]]","[[7 4] [2 5] [8 7] [5 3] [4 0] [6 5] [3 4] [1 5] [9 4] [0 4]]","[[7 3] [2 2] [8 1] [5 5] [4 5] [6 1] [3 4] [1 4] [9 5] [0 5]]"
"1023","line","10","normal","10","10","[[3 0 4] [5 0 18] [8 0 20] [2 0 -15] [9 0 -9] [7 0 -3] [0 0 4] [6 0 12] [4 0 -10] [1 0 10]]","[[3 10] [5 5] [8 1] [2 6] [9 6] [7 2] [0 0] [6 4] [4 5] [1 2]]","[[3 1] [5 2] [8 3] [2 5] [9 1] [7 5] [0 2] [6 3] [4 1] [1 4]]"
"1025","line","10","normal","10","10","[[4 0 -6] [3 0 -7] [7 0 9] [5 0 -13] [2 0 19] [0 0 -17] [9 0 15] [8 0 -16] [1 0 16] [6 0 8]]","[[4 9] [3 4] [7 8] [5 4] [2 0] [0 0] [9 5] [8 6] [1 5] [6 0]]","[[4 3] [3 3] [7 5] [5 4] [2 7] [0 5] [9 2] [8 3] [1 2] [6 7]]"
"1026","line","10","normal","10","10","[[4 0 7] [3 0 7] [8 0 15] [7 0 -16] [0 0 -5] [1 0 12] [5 0 -1] [2 0 -6] [9 0 -12] [6 0 16]]","[[4 0] [3 6] [8 0] [7 1] [0 3] [1 5] [5 6] [2 5] [9 9] [6 6]]","[[4 5] [3 4] [8 7] [7 11] [0 3] [1 5] [5 4] [2 3] [9 7] [6 6]]"
"1027","line","10","normal","10","10","[[5 0 18] [1 0 -4] [8 0 -18] [6 0 14] [0 0 -20] [9 0 -13] [2 0 -8] [3 0 7] [7 0 -3] [4 0 10]]","[[5 0] [1 10] [8 5] [6 7] [0 1] [9 4] [2 3] [3 6] [7 0] [4 5]]","[[5 10] [1 2] [8 3] [6 5] [0 3] [9 5] [2 4] [3 3] [7 4] [4 2]]"
"1028","line","10","normal","10","10","[[3 0 17] [5 0 -16] [8 0 -20] [2 0 -12] [4 0 18] [6 0 7] [0 0 -3] [1 0 0] [7 0 5] [9 0 -9]]","[[3 4] [5 6] [8 1] [2 4] [4 5] [6 6] [0 5] [1 4] [7 3] [9 3]]","[[3 3] [5 3] [8 6] [2 4] [4 2] [6 4] [0 5] [1 5] [7 5] [9 5]]"
"1002","line","9","pricing-only","10","10","[[6 0 -3] [0 0 -10] [5 0 19] [2 0 7] [3 0 5] [4 0 -14] [8 0 -18] [7 0 -5] [1 0 16]]","[[6 6] [0 4] [5 3] [2 7] [3 4] [4 6] [8 3] [7 3] [1 5]]","[[6 4] [0 4] [5 6] [2 3] [3 4] [4 3] [8 6] [7 4] [1 5]]"
"1029","line","10","normal","10","10","[[0 0 17] [9 0 -13] [4 0 15] [3 0 18] [6 0 -14] [8 0 6] [2 0 -4] [7 0 -3] [5 0 -12] [1 0 10]]","[[0 2] [9 6] [4 2] [3 3] [6 7] [8 7] [2 4] [7 5] [5 0] [1 5]]","[[0 4] [9 2] [4 5] [3 4] [6 2] [8 3] [2 3] [7 3] [5 6] [1 4]]"
"1031","line","10","normal","10","10","[[9 0 10] [4 0 -10] [0 0 17] [8 0 -10] [5 0 19] [2 0 -16] [1 0 0] [6 0 6] [7 0 8] [3 0 16]]","[[9 2] [4 0] [0 5] [8 17] [5 0] [2 0] [1 6] [6 4] [7 4] [3 3]]","[[9 3] [4 2] [0 2] [8 1] [5 5] [2 8] [1 4] [6 2] [7 1] [3 3]]"
"1032","line","10","normal","10","10","[[0 0 -16] [1 0 -16] [9 0 18] [7 0 0] [6 0 8] [5 0 13] [4 0 8] [3 0 -7] [2 0 -2] [8 0 -11]]","[[0 6] [1 3] [9 3] [7 4] [6 6] [5 6] [4 2] [3 3] [2 6] [8 2]]","[[0 2] [1 2] [9 8] [7 2] [6 2] [5 4] [4 2] [3 5] [2 1] [8 5]]"
"1033","line","10","normal","10","10","[[0 0 -14] [4 0 -7] [5 0 10] [9 0 16] [6 0 11] [8 0 -17] [2 0 -4] [3 0 6] [1 0 17] [7 0 2]]","[[0 5] [4 6] [5 4] [9 3] [6 3] [8 4] [2 5] [3 2] [1 4] [7 5]]","[[0 6] [4 4] [5 3] [9 4] [6 3] [8 8] [2 4] [3 6] [1 4] [7 5]]"
"1030","line","10","normal","10","10","[[9 0 3] [3 0 18] [6 0 14] [1 0 -14] [0 0 -13] [7 0 -18] [8 0 19] [4 0 1] [2 0 -5] [5 0 -6]]","[[9 8] [3 0] [6 6] [1 4] [0 4] [7 3] [8 5] [4 3] [2 4] [5 4]]","[[9 4] [3 5] [6 6] [1 3] [0 3] [7 6] [8 3] [4 4] [2 3] [5 2]]"
"1035","line","10","normal","10","10","[[1 0 13] [6 0 2] [3 0 15] [0 0 -3] [8 0 -9] [4 0 19] [7 0 8] [9 0 -15] [2 0 -5] [5 0 4]]","[[1 5] [6 4] [3 4] [0 2] [8 4] [4 2] [7 2] [9 8] [2 5] [5 5]]","[[1 2] [6 2] [3 3] [0 4] [8 7] [4 6] [7 4] [9 8] [2 4] [5 1]]"
"1034","line","10","normal","10","10","[[0 0 5] [3 0 -9] [6 0 -16] [4 0 17] [7 0 16] [1 0 -1] [5 0 -1] [8 0 9] [2 0 6] [9 0 -16]]","[[0 0] [3 4] [6 0] [4 2] [7 7] [1 7] [5 2] [8 3] [2 6] [9 10]]","[[0 4] [3 6] [6 3] [4 3] [7 2] [1 2] [5 2] [8 4] [2 2] [9 2]]"
"1036","line","10","normal","10","10","[[3 0 12] [5 0 -17] [8 0 -16] [2 0 -16] [9 0 4] [0 0 -2] [6 0 11] [4 0 17] [1 0 12] [7 0 -8]]","[[3 0] [5 0] [8 7] [2 3] [9 5] [0 5] [6 6] [4 0] [1 9] [7 6]]","[[3 4] [5 7] [8 2] [2 2] [9 5] [0 6] [6 1] [4 7] [1 1] [7 5]]"
"1037","line","10","normal","10","10","[[4 0 -9] [3 0 18] [8 0 -9] [2 0 -18] [5 0 -17] [7 0 -1] [6 0 13] [1 0 11] [9 0 1] [0 0 9]]","[[4 0] [3 2] [8 10] [2 3] [5 4] [7 3] [6 6] [1 3] [9 5] [0 5]]","[[4 3] [3 6] [8 2] [2 3] [5 3] [7 4] [6 1] [1 1] [9 4] [0 2]]"
"1038","line","10","normal","10","10","[[6 0 -1] [3 0 10] [7 0 -2] [9 0 -13] [4 0 16] [8 0 -16] [2 0 3] [5 0 -11] [1 0 -17] [0 0 -6]]","[[6 2] [3 8] [7 6] [9 2] [4 6] [8 2] [2 4] [5 5] [1 4] [0 2]]","[[6 3] [3 5] [7 2] [9 3] [4 8] [8 3] [2 5] [5 3] [1 3] [0 4]]"
"1041","line","10","moving-only","10","10","[[0 0 17] [8 0 -1] [5 0 10] [6 0 -7] [2 0 -6] [3 0 18] [7 0 11] [4 0 -15] [1 0 -15] [9 0 2]]","[[0 4] [8 4] [5 4] [6 4] [2 3] [3 3] [7 3] [4 5] [1 5] [9 6]]","[[0 10] [8 10] [5 10] [6 10] [2 10] [3 10] [7 10] [4 10] [1 10] [9 10]]"
"1040","line","10","normal","10","10","[[0 0 4] [2 0 -4] [3 0 11] [5 0 16] [8 0 -12] [1 0 9] [6 0 -16] [4 0 15] [7 0 -3] [9 0 8]]","[[0 6] [2 5] [3 4] [5 2] [8 11] [1 1] [6 1] [4 5] [7 4] [9 2]]","[[0 4] [2 3] [3 4] [5 6] [8 4] [1 4] [6 8] [4 5] [7 3] [9 4]]"
"1042","line","10","moving-only","10","10","[[2 0 -17] [0 0 16] [4 0 1] [3 0 16] [7 0 -1] [1 0 -6] [5 0 9] [8 0 8] [6 0 -5] [9 0 -15]]","[[2 4] [0 4] [4 4] [3 4] [7 4] [1 5] [5 4] [8 4] [6 2] [9 6]]","[[2 10] [0 10] [4 10] [3 10] [7 10] [1 10] [5 10] [8 10] [6 10] [9 10]]"
"1043","line","10","moving-only","10","10","[[2 0 2] [4 0 -6] [8 0 -15] [9 0 17] [0 0 10] [6 0 -15] [3 0 -4] [1 0 17] [5 0 3] [7 0 12]]","[[2 4] [4 6] [8 7] [9 2] [0 5] [6 3] [3 3] [1 4] [5 4] [7 3]]","[[2 10] [4 10] [8 10] [9 10] [0 10] [6 10] [3 10] [1 10] [5 10] [7 10]]"
"1044","line","10","moving-only","10","10","[[1 0 2] [8 0 -11] [4 0 -5] [2 0 15] [9 0 3] [0 0 -17] [7 0 16] [6 0 -16] [5 0 -8] [3 0 -5]]","[[1 4] [8 4] [4 5] [2 6] [9 7] [0 4] [7 5] [6 3] [5 3] [3 0]]","[[1 10] [8 10] [4 10] [2 10] [9 10] [0 10] [7 10] [6 10] [5 10] [3 10]]"
"1039","line","10","normal","10","10","[[2 0 -4] [6 0 15] [8 0 -11] [4 0 6] [1 0 15] [5 0 -10] [0 0 -3] [3 0 6] [9 0 -17] [7 0 -18]]","[[2 7] [6 5] [8 4] [4 4] [1 6] [5 3] [0 3] [3 3] [9 3] [7 3]]","[[2 1] [6 1] [8 2] [4 3] [1 1] [5 2] [0 2] [3 3] [9 3] [7 3]]"
"1045","line","10","moving-only","10","10","[[7 0 11] [2 0 -17] [9 0 1] [4 0 -7] [5 0 9] [8 0 2] [1 0 7] [0 0 14] [3 0 10] [6 0 -6]]","[[7 2] [2 9] [9 4] [4 5] [5 2] [8 3] [1 3] [0 8] [3 1] [6 4]]","[[7 10] [2 10] [9 10] [4 10] [5 10] [8 10] [1 10] [0 10] [3 10] [6 10]]"
"1046","line","10","moving-only","10","10","[[5 0 -7] [7 0 -12] [3 0 -6] [9 0 3] [8 0 12] [0 0 14] [2 0 5] [4 0 14] [6 0 1] [1 0 10]]","[[5 3] [7 11] [3 4] [9 1] [8 2] [0 5] [2 4] [4 3] [6 5] [1 3]]","[[5 10] [7 10] [3 10] [9 10] [8 10] [0 10] [2 10] [4 10] [6 10] [1 10]]"
"1047","line","10","moving-only","10","10","[[9 0 7] [8 0 17] [4 0 7] [6 0 -18] [7 0 -15] [2 0 -8] [0 0 -3] [1 0 -3] [3 0 16] [5 0 -18]]","[[9 6] [8 4] [4 3] [6 3] [7 5] [2 6] [0 2] [1 6] [3 5] [5 1]]","[[9 10] [8 10] [4 10] [6 10] [7 10] [2 10] [0 10] [1 10] [3 10] [5 10]]"
"1048","line","10","moving-only","10","10","[[9 0 -3] [4 0 -16] [8 0 -3] [5 0 4] [1 0 2] [7 0 9] [6 0 17] [3 0 -11] [0 0 16] [2 0 -15]]","[[9 4] [4 5] [8 3] [5 4] [1 3] [7 6] [6 4] [3 5] [0 4] [2 3]]","[[9 10] [4 10] [8 10] [5 10] [1 10] [7 10] [6 10] [3 10] [0 10] [2 10]]"
"1049","line","10","moving-only","10","10","[[4 0 17] [7 0 -9] [0 0 7] [2 0 -3] [8 0 -11] [9 0 11] [5 0 6] [1 0 -6] [3 0 17] [6 0 1]]","[[4 3] [7 2] [0 2] [2 4] [8 11] [9 5] [5 3] [1 3] [3 4] [6 4]]","[[4 10] [7 10] [0 10] [2 10] [8 10] [9 10] [5 10] [1 10] [3 10] [6 10]]"
"1051","line","10","moving-only","10","10","[[0 0 -13] [5 0 -14] [1 0 7] [6 0 -5] [3 0 13] [4 0 13] [8 0 9] [9 0 -5] [7 0 6] [2 0 1]]","[[0 4] [5 7] [1 1] [6 2] [3 8] [4 2] [8 3] [9 6] [7 3] [2 5]]","[[0 10] [5 10] [1 10] [6 10] [3 10] [4 10] [8 10] [9 10] [7 10] [2 10]]"
"1052","line","10","moving-only","10","10","[[8 0 -5] [7 0 -13] [6 0 -13] [5 0 11] [4 0 -17] [2 0 -8] [1 0 12] [0 0 -9] [3 0 -9] [9 0 -18]]","[[8 10] [7 2] [6 1] [5 8] [4 3] [2 2] [1 9] [0 1] [3 2] [9 3]]","[[8 10] [7 10] [6 10] [5 10] [4 10] [2 10] [1 10] [0 10] [3 10] [9 10]]"
"1050","line","10","moving-only","10","10","[[1 0 -4] [6 0 -15] [5 0 -2] [2 0 16] [7 0 3] [8 0 -10] [9 0 1] [4 0 17] [0 0 -17] [3 0 11]]","[[1 4] [6 4] [5 2] [2 3] [7 6] [8 6] [9 2] [4 4] [0 4] [3 6]]","[[1 10] [6 10] [5 10] [2 10] [7 10] [8 10] [9 10] [4 10] [0 10] [3 10]]"
"1053","line","10","moving-only","10","10","[[1 0 -7] [7 0 -17] [9 0 -14] [4 0 7] [2 0 -1] [8 0 -17] [0 0 16] [3 0 12] [6 0 -7] [5 0 8]]","[[1 3] [7 2] [9 5] [4 5] [2 7] [8 3] [0 7] [3 3] [6 3] [5 3]]","[[1 10] [7 10] [9 10] [4 10] [2 10] [8 10] [0 10] [3 10] [6 10] [5 10]]"
"1055","line","10","moving-only","10","10","[[7 0 -1] [6 0 -7] [4 0 -10] [5 0 16] [9 0 9] [8 0 7] [0 0 -16] [1 0 -17] [3 0 16] [2 0 3]]","[[7 5] [6 5] [4 4] [5 4] [9 4] [8 3] [0 4] [1 4] [3 4] [2 4]]","[[7 10] [6 10] [4 10] [5 10] [9 10] [8 10] [0 10] [1 10] [3 10] [2 10]]"
"1054","line","10","moving-only","10","10","[[3 0 17] [7 0 -16] [1 0 6] [5 0 13] [4 0 -9] [9 0 -1] [6 0 -16] [2 0 -3] [8 0 9] [0 0 18]]","[[3 2] [7 6] [1 5] [5 5] [4 7] [9 4] [6 2] [2 4] [8 3] [0 3]]","[[3 10] [7 10] [1 10] [5 10] [4 10] [9 10] [6 10] [2 10] [8 10] [0 10]]"
"1056","line","10","moving-only","10","10","[[1 0 17] [8 0 11] [0 0 9] [2 0 -17] [6 0 -5] [7 0 17] [5 0 5] [9 0 -13] [3 0 -17] [4 0 -10]]","[[1 3] [8 4] [0 3] [2 4] [6 8] [7 3] [5 7] [9 4] [3 1] [4 4]]","[[1 10] [8 10] [0 10] [2 10] [6 10] [7 10] [5 10] [9 10] [3 10] [4 10]]"
"1057","line","10","moving-only","10","10","[[3 0 -5] [6 0 -1] [9 0 9] [4 0 3] [7 0 13] [5 0 16] [2 0 12] [1 0 -15] [0 0 -8] [8 0 -14]]","[[3 3] [6 4] [9 5] [4 5] [7 2] [5 6] [2 2] [1 6] [0 5] [8 3]]","[[3 10] [6 10] [9 10] [4 10] [7 10] [5 10] [2 10] [1 10] [0 10] [8 10]]"
"1059","line","10","moving-only","10","10","[[6 0 -15] [9 0 15] [2 0 4] [5 0 14] [8 0 -7] [1 0 5] [7 0 -2] [0 0 -15] [4 0 -3] [3 0 -9]]","[[6 3] [9 6] [2 4] [5 5] [8 3] [1 5] [7 3] [0 5] [4 2] [3 5]]","[[6 10] [9 10] [2 10] [5 10] [8 10] [1 10] [7 10] [0 10] [4 10] [3 10]]"
"1058","line","10","moving-only","10","10","[[3 0 4] [8 0 10] [4 0 18] [9 0 8] [0 0 -12] [5 0 15] [2 0 -1] [6 0 4] [7 0 19] [1 0 7]]","[[3 2] [8 3] [4 2] [9 2] [0 14] [5 4] [2 8] [6 2] [7 2] [1 2]]","[[3 10] [8 10] [4 10] [9 10] [0 10] [5 10] [2 10] [6 10] [7 10] [1 10]]"
"1061","line","10","pricing-only","10","10","[[7 0 -10] [4 0 -4] [2 0 18] [0 0 7] [1 0 -6] [6 0 6] [9 0 16] [5 0 11] [8 0 10] [3 0 12]]","[[7 12] [4 6] [2 3] [0 2] [1 3] [6 6] [9 3] [5 3] [8 0] [3 3]]","[[7 5] [4 3] [2 6] [0 2] [1 3] [6 2] [9 4] [5 2] [8 4] [3 2]]"
"1060","line","10","moving-only","10","10","[[1 0 4] [4 0 1] [0 0 16] [2 0 -17] [6 0 8] [7 0 -16] [5 0 -3] [3 0 0] [9 0 16] [8 0 -10]]","[[1 4] [4 2] [0 5] [2 4] [6 5] [7 4] [5 5] [3 2] [9 4] [8 6]]","[[1 10] [4 10] [0 10] [2 10] [6 10] [7 10] [5 10] [3 10] [9 10] [8 10]]"
"1062","line","10","pricing-only","10","10","[[1 0 4] [5 0 16] [8 0 5] [3 0 -10] [2 0 13] [6 0 8] [9 0 13] [4 0 -20] [0 0 -12] [7 0 -5]]","[[1 7] [5 5] [8 3] [3 6] [2 2] [6 1] [9 5] [4 2] [0 7] [7 3]]","[[1 2] [5 3] [8 2] [3 3] [2 1] [6 4] [9 1] [4 9] [0 3] [7 6]]"
"1063","line","10","pricing-only","10","10","[[4 0 5] [7 0 12] [0 0 -2] [8 0 8] [1 0 -2] [3 0 11] [9 0 -7] [5 0 -10] [6 0 4] [2 0 -5]]","[[4 4] [7 5] [0 2] [8 1] [1 4] [3 7] [9 11] [5 4] [6 2] [2 1]]","[[4 2] [7 2] [0 2] [8 3] [1 2] [3 1] [9 2] [5 5] [6 3] [2 3]]"
"1064","line","10","pricing-only","10","10","[[1 0 -9] [2 0 19] [6 0 -12] [3 0 7] [8 0 -18] [4 0 7] [5 0 -19] [9 0 14] [7 0 -3] [0 0 -11]]","[[1 4] [2 2] [6 4] [3 8] [8 3] [4 4] [5 2] [9 6] [7 6] [0 2]]","[[1 3] [2 9] [6 2] [3 1] [8 2] [4 1] [5 2] [9 5] [7 5] [0 2]]"
"1066","line","10","pricing-only","10","10","[[8 0 -20] [2 0 -16] [0 0 20] [9 0 -18] [4 0 14] [3 0 9] [5 0 3] [6 0 16] [1 0 14] [7 0 -9]]","[[8 0] [2 9] [0 2] [9 1] [4 7] [3 0] [5 8] [6 3] [1 4] [7 7]]","[[8 9] [2 4] [0 4] [9 6] [4 1] [3 6] [5 8] [6 2] [1 1] [7 9]]"
"1067","line","10","pricing-only","10","10","[[6 0 -16] [8 0 8] [3 0 11] [4 0 20] [7 0 9] [0 0 13] [5 0 17] [1 0 1] [9 0 7] [2 0 -13]]","[[6 5] [8 6] [3 0] [4 2] [7 4] [0 3] [5 3] [1 7] [9 1] [2 10]]","[[6 10] [8 2] [3 3] [4 5] [7 1] [0 4] [5 5] [1 8] [9 3] [2 8]]"
"1068","line","10","pricing-only","10","10","[[4 0 7] [3 0 -10] [8 0 4] [5 0 -19] [7 0 -15] [0 0 -11] [6 0 -3] [1 0 -3] [2 0 -16] [9 0 -5]]","[[4 5] [3 5] [8 14] [5 1] [7 3] [0 0] [6 3] [1 5] [2 4] [9 1]]","[[4 5] [3 2] [8 2] [5 4] [7 1] [0 3] [6 1] [1 1] [2 1] [9 3]]"
"1065","line","10","pricing-only","10","10","[[2 0 6] [4 0 -14] [3 0 20] [5 0 -11] [1 0 4] [8 0 8] [6 0 -20] [7 0 -19] [9 0 1] [0 0 13]]","[[2 3] [4 4] [3 3] [5 7] [1 10] [8 5] [6 2] [7 2] [9 0] [0 5]]","[[2 2] [4 5] [3 8] [5 6] [1 2] [8 3] [6 3] [7 4] [9 6] [0 6]]"
"1070","line","10","pricing-only","10","10","[[4 0 17] [8 0 1] [3 0 -15] [1 0 -18] [0 0 2] [9 0 15] [5 0 11] [6 0 7] [2 0 3] [7 0 16]]","[[4 4] [8 5] [3 5] [1 7] [0 9] [9 3] [5 4] [6 2] [2 1] [7 1]]","[[4 2] [8 2] [3 5] [1 2] [0 1] [9 2] [5 4] [6 4] [2 2] [7 2]]"
"1069","line","10","pricing-only","10","10","[[2 0 -6] [7 0 -12] [5 0 5] [4 0 -11] [3 0 9] [0 0 -17] [8 0 8] [1 0 -3] [9 0 5] [6 0 -9]]","[[2 2] [7 3] [5 3] [4 5] [3 7] [0 4] [8 7] [1 4] [9 4] [6 2]]","[[2 4] [7 2] [5 1] [4 1] [3 2] [0 6] [8 1] [1 4] [9 1] [6 3]]"
"1071","line","10","pricing-only","10","10","[[7 0 -11] [0 0 -17] [1 0 -1] [6 0 -1] [2 0 -18] [5 0 -6] [9 0 1] [8 0 -13] [4 0 -14] [3 0 -16]]","[[7 1] [0 5] [1 4] [6 1] [2 0] [5 5] [9 20] [8 0] [4 5] [3 0]]","[[7 5] [0 2] [1 1] [6 1] [2 3] [5 3] [9 2] [8 4] [4 2] [3 3]]"
"1072","line","10","pricing-only","10","10","[[0 0 11] [7 0 4] [4 0 1] [3 0 -8] [9 0 5] [1 0 1] [6 0 -5] [8 0 -14] [2 0 -16] [5 0 -13]]","[[0 10] [7 5] [4 3] [3 4] [9 4] [1 2] [6 2] [8 4] [2 0] [5 7]]","[[0 7] [7 1] [4 2] [3 3] [9 2] [1 2] [6 4] [8 2] [2 4] [5 1]]"
"1073","line","10","pricing-only","10","10","[[4 0 -7] [6 0 -1] [2 0 13] [7 0 6] [3 0 3] [0 0 -15] [5 0 -1] [9 0 19] [1 0 -9] [8 0 -15]]","[[4 4] [6 2] [2 5] [7 6] [3 4] [0 5] [5 4] [9 4] [1 3] [8 4]]","[[4 2] [6 1] [2 9] [7 5] [3 2] [0 1] [5 1] [9 10] [1 3] [8 1]]"
"1076","line","10","pricing-only","10","10","[[3 0 -8] [7 0 -5] [1 0 -10] [4 0 -9] [8 0 -20] [2 0 14] [9 0 9] [5 0 10] [0 0 18] [6 0 -11]]","[[3 2] [7 6] [1 4] [4 2] [8 1] [2 7] [9 9] [5 4] [0 0] [6 6]]","[[3 2] [7 4] [1 1] [4 1] [8 10] [2 4] [9 1] [5 1] [0 8] [6 2]]"
"1074","line","10","pricing-only","10","10","[[0 0 3] [9 0 16] [5 0 2] [3 0 1] [1 0 -6] [8 0 -2] [7 0 15] [2 0 10] [6 0 -5] [4 0 9]]","[[0 1] [9 5] [5 5] [3 2] [1 9] [8 1] [7 3] [2 3] [6 9] [4 3]]","[[0 2] [9 2] [5 1] [3 2] [1 2] [8 3] [7 2] [2 2] [6 1] [4 2]]"
"1075","line","10","pricing-only","10","10","[[5 0 -17] [7 0 -12] [0 0 1] [2 0 17] [1 0 4] [9 0 4] [4 0 -15] [8 0 3] [6 0 -14] [3 0 -4]]","[[5 1] [7 6] [0 1] [2 5] [1 10] [9 7] [4 5] [8 0] [6 2] [3 4]]","[[5 3] [7 2] [0 4] [2 11] [1 1] [9 1] [4 1] [8 2] [6 1] [3 5]]"
"1077","line","10","pricing-only","10","10","[[5 0 13] [4 0 13] [6 0 -9] [9 0 -13] [7 0 -1] [2 0 -19] [8 0 1] [1 0 -15] [3 0 -1] [0 0 1]]","[[5 14] [4 0] [6 5] [9 3] [7 2] [2 2] [8 0] [1 4] [3 5] [0 6]]","[[5 1] [4 2] [6 4] [9 4] [7 1] [2 7] [8 2] [1 4] [3 1] [0 1]]"
"1078","line","10","pricing-only","10","10","[[6 0 16] [0 0 -7] [7 0 15] [1 0 16] [3 0 -2] [5 0 3] [4 0 -20] [9 0 -5] [8 0 2] [2 0 7]]","[[6 3] [0 11] [7 3] [1 4] [3 2] [5 2] [4 3] [9 4] [8 4] [2 5]]","[[6 1] [0 2] [7 2] [1 1] [3 3] [5 3] [4 11] [9 1] [8 2] [2 4]]"
"1080","line","10","pricing-only","10","10","[[7 0 15] [1 0 -20] [2 0 17] [5 0 12] [4 0 0] [8 0 16] [3 0 8] [0 0 13] [6 0 -18] [9 0 0]]","[[7 1] [1 7] [2 2] [5 3] [4 11] [8 4] [3 2] [0 2] [6 3] [9 6]]","[[7 2] [1 3] [2 2] [5 3] [4 1] [8 1] [3 5] [0 2] [6 5] [9 1]]"
"1079","line","10","pricing-only","10","10","[[8 0 9] [0 0 -15] [3 0 -19] [1 0 19] [6 0 0] [7 0 -2] [4 0 20] [9 0 17] [5 0 -8] [2 0 -11]]","[[8 5] [0 6] [3 1] [1 2] [6 4] [7 7] [4 1] [9 7] [5 4] [2 4]]","[[8 7] [0 5] [3 9] [1 2] [6 5] [7 3] [4 3] [9 3] [5 4] [2 4]]"
